names,Root179,Root9,Root562,Root480,Root935,Root569,Root123D2,Root329,Root565,Root217,Root491,Root241,Root773,Root240,Root630,Root750,Root11,Root70,Root154,Root149,Root318D1,Root411,Root1252,Root401,Root170,Root559,Root227,Root135,Root920,Root105,Root1293,Root1203,Root444D2,Root1277,Root280D1,Root766,Root147,Root787,Root172,Root137,Root102,Root68,Root381,Root189,Root278,Root604,Root1212,Root670,Root761,Root483D1,Root685,Root83,Root768D1,Root763,Root1294,Root267,Root22,Root482,Root1240,Root764,Root157,Root745,Root101,Root1280,Root265,Root236,Root140,Root1221,Root332,Root81,Root811,Root61,Root472D3,Root1257,Root554,Root756,Root1295,Root710,Root774,Root614,Root53,Root777,Root436,Root564,Root782,Root369,Root166,Root728,Root762,Root1304,Root107,Root748,Root729,Root4,Root736,Root100,Root809,Root797,Root405,Root535,Root136,Root690,Root538,Root708,Root772,genotype,group
SC.bri1.R.3.1,0.015219005,0.072878,0.00569166,0.037614452,0.435535758,0.070527097,0.008537491,0.020786934,0.007918832,0.083395199,0.00569166,0.080054442,0.003711952,0.00210344,0.007176441,0.00074239,0,0.010269735,0.003217025,0.001979708,0.004330611,0.003711952,0.000247463,0.019054689,0.010269735,0.01200198,0.001855976,0.003464489,0,0.005320465,0.000371195,0.001484781,0.003340757,0.007547637,0.0077951,0.001113586,0,0.000618659,0.001237317,0.003711952,0.00210344,0.001608513,0.000371195,0.002598367,0.00210344,0.000123732,0.002722098,0.00210344,0.001979708,0.001113586,0.001237317,0.000494927,0,0.000371195,0.000371195,0.000866122,0.00210344,0.000247463,0.000989854,0.003588221,0.000123732,0,0,0.000123732,0.002474635,0,0.000123732,0,0,0.000247463,0,0.002474635,0.000866122,0.00074239,0.000494927,0,0,0,0,0.000494927,0,0,0.003588221,0,0,0,0.000247463,0,0,0,0,0,0,0.000247463,0.000123732,0,0,0,0,0,0,0,0,0,0,bri1,not_rescued
SC.bri1.R.3.3,0.013522356,0.117011996,0.008287895,0.033369684,0.350926936,0.103162486,0.01308615,0.02519084,0.010250818,0.087677208,0.011014177,0.060305344,0.002944384,0.001635769,0.004798255,0.001090513,0,0.00436205,0.002835333,0.002944384,0.005670665,0.004471101,0.000327154,0.020610687,0.013522356,0.009051254,0.002726281,0.002399128,0,0.005016358,0.000545256,0.001308615,0.003053435,0.007524537,0.013304253,0.001962923,0,0.000654308,0.003162486,0.002071974,0.002835333,0.002071974,0,0.001199564,0.002181025,0,0.002508179,0.003598691,0.002181025,0.00087241,0.001090513,0.000545256,0,0.000436205,0.000436205,0.000981461,0.001635769,0.002508179,0.001853871,0.002726281,0.000218103,0,0.000109051,0.000654308,0.002944384,0,0.000218103,0,0,0.000327154,0,0.003053435,0.002181025,0.001090513,0.000436205,0,0,0.000109051,0.000109051,0.00087241,0.000109051,0,0.004907306,0.000109051,0,0,0.000109051,0,0.000109051,0.000109051,0.000109051,0,0,0.000545256,0.000109051,0,0,0,0,0,0,0,0,0,0,bri1,not_rescued
SC.bri1.R.3.2,0.01408,0.11392,0.00712,0.036,0.36224,0.09664,0.00968,0.0228,0.00944,0.08848,0.00968,0.05976,0.00344,0.00168,0.00576,0.00104,0,0.00528,0.00296,0.00176,0.00632,0.00328,0.00104,0.02016,0.012,0.01304,0.00248,0.00352,0,0.00528,0.00056,0.00264,0.0024,0.00776,0.0124,0.00168,0,0.00064,0.00296,0.00288,0.00224,0.00104,0.00032,0.00144,0.00136,0,0.00192,0.00376,0.00088,0.00136,0.00136,0.00096,0,0.00088,0.00088,0.0012,0.0024,0.00144,0.00208,0.00304,8.00E-05,0,0,0.00096,0.00352,8.00E-05,0.00024,0,0,0.00024,0,0.0028,0.0016,0.00136,0.00088,8.00E-05,0,8.00E-05,0,0.00104,8.00E-05,8.00E-05,0.00472,0.00024,0,0,0,0,8.00E-05,0,0,0,0,0.00048,0,0,0,0,0,0,0,0,0,0,0,bri1,not_rescued
SC.bri1.R.4.1,0.007196051,0.050372354,0.008618526,0.036063928,0.482135386,0.057484729,0.005271525,0.017822776,0.007530751,0.097146682,0.006777676,0.054388754,0.0063593,0.003430675,0.004769475,0.002593925,0,0.0026776,0.000753075,0.0016735,0.00384905,0.002761275,0.000585725,0.026273952,0.007698101,0.009371601,0.0056899,0,0,0.00317965,0.001422475,0.008785876,0.000251025,0.0020082,0.008702201,0.002091875,0,0.00016735,0.002091875,0.016902351,0.0010041,0.0003347,0,0.00351435,0.00050205,0,0.0043511,0.00117145,0.000418375,0.0010041,0.001422475,0.00050205,0,0.001589825,0,0.002259225,0.004100075,0.001255125,0.005940925,0.0043511,8.37E-05,0,0,0,0.000753075,0,0,0,0,0.00016735,0.000251025,0.002593925,8.37E-05,0.000753075,0.000585725,0,0,0,0,0.000585725,8.37E-05,0,0.003430675,8.37E-05,0,0,0.000251025,8.37E-05,0,8.37E-05,0,0,0,0.001255125,0.000251025,0,0,0,0,0,0,0,0,0,0,bri1,not_rescued
SC.bri1.R.4.2,0.00663868,0.053695206,0.010153275,0.036024602,0.470370009,0.061505418,0.004588499,0.017377721,0.00995802,0.097920531,0.008493605,0.056135898,0.007712584,0.002245436,0.004393244,0.003124085,0,0.001562042,0.000683394,0.001366787,0.004686127,0.003416968,0.000488138,0.026652348,0.008591233,0.007712584,0.005076638,0.000878649,0,0.002147808,0.001073904,0.006736308,0.000390511,0.002440691,0.007224446,0.002440691,0,0,0.001757298,0.019330274,0.000781021,0.000585766,9.76E-05,0.002147808,0.000585766,0,0.003612223,0.001464415,0.000195255,0.000878649,0.001366787,0.001269159,0,0.001757298,0.000195255,0.002050181,0.003807478,0.002538319,0.007126818,0.003514595,0,0,0,0,0.000781021,0,0,0,0,0.000195255,9.76E-05,0.004002734,0.000292883,0.000781021,0.000195255,0,0,9.76E-05,0,0.000195255,0,9.76E-05,0.002733574,0.000292883,0,0,0.000292883,0,9.76E-05,0,0,0,0,0.000781021,0,9.76E-05,0,0,0,0,0,0,0,0,0,bri1,not_rescued
SC.bri1.R.4.3,0.00625451,0.047630503,0.011546789,0.036925668,0.480153957,0.062424826,0.005653115,0.016718788,0.008419533,0.089968727,0.00757758,0.064830407,0.005893673,0.003367813,0.005893673,0.002165023,0,0.002044744,0.001683907,0.00132307,0.003006976,0.005412557,0.000962232,0.024416647,0.008058696,0.007216743,0.005532836,0.001082511,0,0.003006976,0.000962232,0.00878037,0,0.001082511,0.006855906,0.001443349,0,0,0.002405581,0.019004089,0.000962232,0.000360837,0.000120279,0.003608371,0.000962232,0,0.002886697,0.002044744,0.000240558,0.000841953,0.001683907,0.001563628,0,0.001804186,0.000601395,0.00120279,0.003247534,0.001443349,0.006013952,0.003608371,0,0,0,0,0.000120279,0,0.000240558,0,0,0.000601395,0.000120279,0.002165023,0,0.001082511,0.000120279,0,0,0,0,0.000120279,0.000120279,0,0.001443349,0,0,0,0,0,0,0,0,0,0,0.000962232,0,0,0,0,0,0,0,0,0,0,0,bri1,not_rescued
SC.bri1.R.6.2,0.003486056,0.011578685,0.017679283,0.00684761,0.460159363,0.009960159,0.010209163,0.022285857,0.00684761,0.135084661,0.018426295,0.061379482,0.026518924,0.00498008,0.001369522,0.001618526,0.000249004,0.00311255,0.003859562,0.002365538,0.004233068,0.003237052,0.000249004,0.041583665,0.018177291,0.00498008,0.001120518,0.001369522,0,0.003859562,0.00062251,0.008466135,0.002116534,0.000124502,0.006723108,0.00124502,0,0.000249004,0.006474104,0.004482072,0.001618526,0.001992032,0.000498008,0.000871514,0.004606574,0.000498008,0.00249004,0.003984064,0.001618526,0.000996016,0.002116534,0.000871514,0,0.0062251,0.000249004,0.000498008,0.005851594,0.001494024,0.001120518,0.002614542,0,0,0.001120518,0.000249004,0,0.000373506,0.000498008,0,0,0.000249004,0.000124502,0.003361554,0.000124502,0.001743028,0.00249004,0,0,0,0,0.00062251,0.000249004,0,0.00684761,0.001743028,0,0,0.000124502,0,0,0,0,0.000249004,0,0.001743028,0,0,0,0,0,0,0,0.014566733,0,0.005353586,0.00062251,bri1,not_rescued
SC.bri1.R.6.3,0.002790802,0.009935253,0.016298281,0.004465282,0.459031034,0.007702612,0.007925876,0.022326412,0.006251395,0.127483813,0.017191337,0.066979236,0.027684751,0.00435365,0.001339585,0.001897745,0,0.001451217,0.002567537,0.002902434,0.005916499,0.003125698,0.000446528,0.042085287,0.017302969,0.00435365,0.001451217,0.001339585,0,0.004688547,0.001004689,0.008037508,0.000781424,0.00055816,0.011498102,0.001339585,0,0.000446528,0.004576914,0.007256084,0.001451217,0.001339585,0,0.001674481,0.004576914,0.000111632,0.003348962,0.003460594,0.00379549,0.000669792,0.002344273,0.000669792,0,0.009823621,0.000111632,0.000669792,0.007479348,0.001339585,0.000781424,0.003572226,0,0,0.000781424,0.000669792,0,0.000781424,0,0,0,0,0.000446528,0.004911811,0.000446528,0.00323733,0.001562849,0,0,0,0,0.000669792,0.000111632,0,0.006586292,0.002455905,0,0,0.000669792,0,0,0,0,0,0.000111632,0.001227953,0,0,0,0,0,0,0,0.015851753,0.000111632,0.004800179,0.00055816,bri1,not_rescued
SC.bri1.R.6.1,0.003481176,0.011346055,0.01637442,0.006446622,0.465317174,0.010185663,0.009669933,0.023336772,0.007220217,0.134089737,0.016761217,0.062403301,0.026044353,0.004254771,0.001547189,0.00103146,0,0.002578649,0.002578649,0.002836514,0.005673027,0.002062919,0.000128932,0.038292935,0.017276947,0.003996906,0.00103146,0.001418257,0,0.00631769,0.00051573,0.010701392,0.001933987,0.000257865,0.006704487,0.001289324,0,0.00051573,0.003481176,0.004383703,0.002707581,0.00051573,0.000257865,0.000902527,0.003481176,0.000128932,0.003867973,0.005930892,0.000902527,0.001547189,0.001676122,0.00103146,0,0.007735946,0.000128932,0.00103146,0.00631769,0.001289324,0.000902527,0.003094379,0,0,0.000773595,0,0,0.00051573,0.000128932,0,0,0.000128932,0.000257865,0.002707581,0,0.002578649,0.002191851,0.000128932,0,0,0,0.00051573,0,0,0.006575554,0.002320784,0,0,0.000128932,0,0,0,0,0.000128932,0.000128932,0.001676122,0,0,0,0,0,0,0,0.016116555,0,0.005028365,0.00103146,bri1,not_rescued
SC.col0.R.1.3,0.013827434,0.066450695,0.017225032,0.039902023,0.263985461,0.151864728,0.015407712,0.042193426,0.014854614,0.052544248,0.036899494,0.051280025,0.061393805,0.004740834,0.00323957,0.000474083,0,0.000237042,0.002607459,0.003871681,0.003950695,0.003792668,0.000948167,0.036030341,0.011694058,0.006400126,0.012800253,0.006953224,0,0.00323957,0.002844501,0.004819848,0,0.001185209,0.008612516,0.001027181,0,0,0.006321113,0.00142225,0.003792668,0.001738306,0.000158028,0.001659292,0.003476612,7.90E-05,0.002765487,0.00647914,7.90E-05,0.000790139,0.002686473,0.001343236,0,0,0.000237042,0.000158028,0.002449431,0.002449431,0.000948167,0.000237042,0,0,0,7.90E-05,0.000553097,7.90E-05,7.90E-05,0,7.90E-05,7.90E-05,0.00039507,0.001896334,0.000711125,0.001264223,0.002370417,7.90E-05,0,7.90E-05,0,0.00039507,0,0,0.001738306,0.000474083,0,0.002765487,7.90E-05,0,0,0,0,0,0,0.000237042,0,0,0,0,0,0,0,0,0,0,0,col0,rescued
SC.col0.R.1.2,0.017853733,0.081630705,0.015371396,0.041244988,0.225033416,0.143498186,0.017758259,0.042677105,0.012602635,0.069123544,0.038476227,0.056234485,0.064063395,0.007733435,0.002004965,0.001336643,0,9.55E-05,0.003055184,0.005060149,0.004009929,0.004773725,0.000477373,0.034275348,0.01269811,0.003437082,0.012411686,0.009547451,0,0.003246133,0.003341608,0.006014894,9.55E-05,0.002004965,0.008974604,0.00105022,9.55E-05,0,0.00677869,0.000954745,0.004582776,0.000954745,9.55E-05,0.001336643,0.00295971,9.55E-05,0.00295971,0.006683216,0.000381898,0.00105022,0.00190949,0.001336643,0,9.55E-05,0.001527592,0.000572847,0.000381898,0.003437082,0.00105022,0.000190949,0,0,0,0,0.000477373,0,0,0,9.55E-05,9.55E-05,0.000954745,0.00105022,0.000381898,0.001718541,0.002386863,0,0,9.55E-05,0,0,0.000190949,0,0.00105022,0.000572847,0,0,0,0,0,9.55E-05,0,0,0,9.55E-05,0,9.55E-05,0,0,0,0,0,0,0,0,0,col0,rescued
SC.col0.R.1.1,0.026191014,0.10943027,0.012041845,0.038609167,0.235719124,0.101678332,0.014977045,0.031986152,0.012944984,0.082486641,0.031986152,0.056069843,0.07360578,0.009783999,0.0009784,0.002859938,0,0.000150523,0.003010461,0.003085723,0.00737563,0.005117784,0.000225785,0.035147136,0.011439753,0.001429969,0.018740122,0.00639723,0,0.003160984,0.003236246,0.004590954,0,0.001053661,0.012794461,0.000451569,0,0,0.009482953,0.000451569,0.003085723,0.0009784,7.53E-05,0.001053661,0.000903138,7.53E-05,0.003085723,0.005644615,7.53E-05,0.000301046,0.001881538,0.001128923,0,0,0.001128923,0.000225785,0.000301046,0.002182584,0.000301046,7.53E-05,0,0,0,0.000150523,0.000301046,0,0.000602092,0,0,7.53E-05,0.000752615,0.001580492,0.000225785,0.001881538,0.001806277,7.53E-05,0,7.53E-05,0,0.000150523,7.53E-05,0,0.000677354,7.53E-05,0,7.53E-05,0,7.53E-05,0,0,7.53E-05,0,0,0,0,0,0,0,7.53E-05,0,0,0,0,0,0,col0,rescued
SC.col0.R.2.3,0.013993263,0.12041116,0.006996631,0.041634275,0.402781377,0.044139242,0.006305606,0.019780599,0.013302237,0.065215514,0.008205926,0.061501252,0.014684288,0.001295672,0.001382051,0.000431891,0,0.000431891,0.003714261,0.001295672,0.00328237,0.002245832,0.000691025,0.024531398,0.011142783,0.002764101,0.003109614,0.001382051,0,0.003973396,0.001122916,0.001727563,0.010451758,0.002850479,0.015807204,0.000345513,0.000604647,0.001641185,0.00190032,0.005096312,0.003800639,0.003541505,0.000259134,0.003455127,0.004491665,8.64E-05,0.002936858,0.003973396,0.00190032,0.00095016,0.001554807,0.001382051,0,0.001986698,0.000431891,0.000259134,0.005700959,0.001554807,0.000518269,0.007946791,0.000172756,0,0,0.000431891,0.000518269,8.64E-05,8.64E-05,0,0,0,0.000259134,0.003541505,0.000604647,0.000777403,0.000345513,0,0,0,0.000172756,0,8.64E-05,8.64E-05,0.02211281,0.000259134,0,0.000345513,0,8.64E-05,0.000172756,0,0,0,0,0.000172756,0.000345513,8.64E-05,8.64E-05,0.000172756,0,8.64E-05,0,0,0,0,0,col0,rescued
SC.col0.R.2.2,0.017986628,0.09577173,0.007627837,0.04783878,0.434786703,0.035784914,0.004426029,0.013937282,0.017704115,0.056125812,0.009982108,0.063376966,0.015349845,0.002919296,0.003672662,0.000470854,0,0.004143516,0.003766833,0.001318392,0.000659196,0.002165929,0.001035879,0.022130144,0.014031453,0.005179395,0.002165929,0.000941708,0,0.005273566,0.000659196,0.0022601,0.005273566,0.002730954,0.011112157,9.42E-05,0,0.001035879,0.001412562,0.003484321,0.00339015,0.00113005,0,0.010358791,0.006121104,0,0.002919296,0.004331858,0.00113005,0.001224221,0.001695075,0.001789246,0,0.001883417,0.000565025,0.000188342,0.009417083,0.001977587,0.000188342,0.003955175,9.42E-05,0,0,0.000376683,0.000376683,9.42E-05,0,0,0,0,9.42E-05,0.002071758,0.001318392,0.00113005,0.000753367,0,0,9.42E-05,9.42E-05,0.000282512,9.42E-05,0.000188342,0.021000094,0,0,9.42E-05,0,9.42E-05,0,9.42E-05,9.42E-05,0,0.000188342,0.000282512,9.42E-05,0,0,0,0,9.42E-05,0,0,0,0,0,col0,rescued
SC.col0.R.2.1,0.024510754,0.077891881,0.00852548,0.071497772,0.409029258,0.035652005,0.006200349,0.018504166,0.016566557,0.049409029,0.010366208,0.068785119,0.009397404,0.001259446,0.006587871,0.000581283,9.69E-05,0.006587871,0.004747142,0.001550087,0.002518892,0.001356326,0.000871924,0.024607634,0.014435187,0.003293935,0.000581283,0.002422011,0,0.00213137,0.000193761,0.001840729,0.006297229,0.002325131,0.006200349,0.000484402,0,0.000678163,0.001453207,0.006975392,0.004068979,0.001550087,9.69E-05,0.010269328,0.006878512,0,0.003197055,0.002518892,0.000968804,0.001646968,0.002615772,0.00222825,0,0.000968804,0.001356326,0.000387522,0.022476264,0.001937609,0.000193761,0.001840729,0.000968804,0,0,9.69E-05,0.000871924,0,0.000193761,0.000387522,0,9.69E-05,0.000193761,0.001646968,0.00213137,0.000968804,0.000678163,0,0,9.69E-05,0,0,0,0,0.019666731,0.000193761,0,0,0,0,9.69E-05,0,9.69E-05,0,0,0,0,0,0,0,0,0,0,0,0,0,0,col0,rescued
SC.col0.R.3.1,0.015473751,0.157069173,0.006005794,0.028262559,0.372783156,0.099766834,0.010457147,0.022398078,0.009962552,0.055747898,0.011516993,0.06669964,0.003391507,0.00176641,0.002614287,0.000847877,0,0.004027415,0.002119692,0.001978379,0.006500389,0.00431004,0.000635908,0.01568572,0.009821239,0.007136296,0.002614287,0.00353282,0,0.005087261,0.00077722,0.001271815,0.004875291,0.007701547,0.010951742,0.001201159,0,0.000847877,0.002190348,0.002119692,0.001978379,0.001130502,0.000141313,0.002402318,0.00098919,0.000141313,0.001907723,0.002614287,0.000423938,0.000706564,0.001130502,0.001059846,0,0.000141313,0.000423938,0.000847877,0.002049036,0.001342472,0.001907723,0.000565251,7.07E-05,0,0.000282626,0.001413128,0.001554441,0,0.000141313,0,0,0.000353282,0.000565251,0.003462163,0.00098919,0.001483784,0.001130502,0,0,0,0,0.000282626,0,0,0.005369886,7.07E-05,0,0,0,7.07E-05,0.000141313,0.000141313,0,0,0,0.000353282,7.07E-05,0,0,0,0,0,0,0,0,0,0,col0,rescued
SC.col0.R.3.2,0.027569144,0.089157904,0.009631528,0.030661836,0.452416718,0.061765486,0.006538835,0.022532473,0.006097022,0.109216223,0.008836264,0.054254661,0.003269418,0.00132544,0.003799594,0.000971989,0,0.008747901,0.002032341,0.001237077,0.003799594,0.002915967,0.000795264,0.028541133,0.005831934,0.005831934,0.00132544,0.00132544,0,0.00335778,0.000265088,0.002739242,0.002385791,0.003976319,0.003976319,0.001148714,0,0.000441813,0.001767253,0.001943978,0.001237077,0.000795264,0,0.001767253,0.000971989,0,0.001855615,0.001767253,0.000353451,0.000883626,0.000795264,0.000795264,0,0,0.001060352,0.000530176,0.000971989,0.000530176,0.001590528,0.000265088,8.84E-05,0,0,0.000265088,0.000971989,0,0,0,0,0.000176725,8.84E-05,0.002827604,0.000441813,0.001237077,0.000618538,0,0,0,0,0.000795264,0,8.84E-05,0.003181055,8.84E-05,0,0,0,0,0,8.84E-05,8.84E-05,0,0,0.000353451,0,0,0,0,0,0,0,0,0,0,0,col0,rescued
SC.col0.R.3.3,0.008439422,0.126448291,0.010155915,0.023458733,0.450150193,0.066442569,0.006150765,0.026462595,0.007152053,0.066228007,0.013016736,0.046416822,0.001788013,0.002431698,0.002074095,0.001072808,0,0.006651409,0.001859534,0.001144328,0.008081819,0.005077957,0.001001287,0.031612073,0.00951223,0.005006437,0.002002575,0.001859534,0,0.003790588,0.000286082,0.003647547,0.004148191,0.006150765,0.008367902,0.001072808,0,0.000357603,0.002145616,0.001215849,0.001931054,0.001430411,0.000286082,0.002288657,0.001501931,7.15E-05,0.002646259,0.002860821,0.000286082,0.001072808,0.001287369,0.001215849,0,0.000214562,0.000214562,0.000429123,0.001215849,0.001287369,0.002002575,0.000357603,0,0,7.15E-05,0.001931054,0.000572164,0,0,0,0,0.000143041,0.000286082,0.003075383,0.000286082,0.001788013,0.001573452,0,0,7.15E-05,0,0.000500644,7.15E-05,0,0.003790588,7.15E-05,0,0,0,7.15E-05,0,0,0,0,0,0.000143041,7.15E-05,0,0,0,0,0,0,0,0,0,0,col0,rescued
SC.col0.R.4.1,0.031116705,0.034729506,0.009906067,0.074703401,0.284875184,0.030417453,0.011805701,0.019823789,0.007843274,0.110435168,0.011292917,0.096275319,0.00841433,0.001212036,0.023098618,0.001538354,6.99E-05,0.020254994,0.00435867,0.003787614,0.002692119,0.002272568,0.0030534,0.026245251,0.007586882,0.029893014,0.002866932,0.001573317,1.17E-05,0.007540265,0.003822577,0.00377596,0.001584971,0.002633848,0.011257954,0.001864671,0,0.000291355,0.00369438,0.012656458,0.002808661,0.000780831,0.000489476,0.002272568,0.010290656,5.83E-05,0.005314314,0.004183857,0.000955644,0.002587232,0.002505652,0.001037224,1.17E-05,0.002377456,0.001013915,0.002960166,0.013728644,0.003985735,0.002330839,0.004731604,0.00072256,0,0.000151505,9.32E-05,0.001619933,0.000104888,0.00022143,1.17E-05,5.83E-05,0.000454514,0.000606018,0.00369438,0.000198121,0.001503391,0.001573317,2.33E-05,1.17E-05,5.83E-05,2.33E-05,0.000186467,0.000104888,8.16E-05,0.011094795,0.000186467,0,0,0.000244738,5.83E-05,2.33E-05,1.17E-05,1.17E-05,5.83E-05,1.17E-05,0.000885719,9.32E-05,5.83E-05,1.17E-05,4.66E-05,0,0,0,0,0,0,0,col0,rescued
SC.col0.R.4.2,0.026470746,0.042979673,0.010701226,0.062580663,0.304541299,0.029482147,0.011696064,0.02024629,0.008321682,0.09873091,0.012072489,0.098327597,0.008227576,0.001546031,0.024951602,0.001680469,0,0.017154227,0.004476769,0.003818025,0.003105507,0.002621532,0.002634975,0.024050871,0.008254463,0.02992579,0.002782857,0.001734244,0,0.006856313,0.003777694,0.004705313,0.001640138,0.003239944,0.012610239,0.001949344,0,0.0002151,0.0036567,0.011870832,0.002809744,0.000739406,0.000403313,0.002433319,0.009034201,4.03E-05,0.005122069,0.003992794,0.001411594,0.002608088,0.002634975,0.001088944,0,0.002392988,0.000699075,0.002890407,0.01200527,0.003697032,0.003253388,0.005283394,0.000564638,2.69E-05,6.72E-05,0.00010755,0.00139815,6.72E-05,0.000134438,0,0,0.000376425,0.000389869,0.004342332,0.000161325,0.001855238,0.001546031,1.34E-05,0,4.03E-05,1.34E-05,0.000282319,0.000201656,9.41E-05,0.010297914,8.07E-05,0,1.34E-05,0.000376425,0,1.34E-05,1.34E-05,1.34E-05,1.34E-05,1.34E-05,0.0010755,0.000161325,1.34E-05,0,4.03E-05,0,0,1.34E-05,0,0,0,0,col0,rescued
SC.col0.R.4.3,0.024923875,0.046464419,0.009886846,0.059227097,0.308277884,0.03127702,0.011240179,0.020412766,0.007838051,0.099300778,0.012480734,0.094451336,0.008834254,0.001654073,0.024604338,0.001390925,7.52E-05,0.015619714,0.004623886,0.004285553,0.00313898,0.002744258,0.003533702,0.025600541,0.008589903,0.029886095,0.002706665,0.001710462,0,0.006653885,0.003063795,0.004981016,0.001635277,0.003026202,0.011522123,0.001936017,1.88E-05,0.000206759,0.004285553,0.011352957,0.002838239,0.001146573,0.000432315,0.002499906,0.009191384,0,0.00526296,0.003872035,0.00116537,0.002349536,0.002650276,0.001071388,0,0.002462313,0.000977407,0.002669073,0.011221383,0.003909627,0.003759257,0.005206571,0.000770648,0,5.64E-05,9.40E-05,0.00131574,5.64E-05,0.000338333,0,7.52E-05,0.0005075,0.000563889,0.003890831,7.52E-05,0.001428518,0.001842036,3.76E-05,0,7.52E-05,1.88E-05,0.000338333,0.000169167,9.40E-05,0.010431939,0.000112778,0,0,0.000187963,7.52E-05,0,3.76E-05,1.88E-05,3.76E-05,0,0.001033796,1.88E-05,5.64E-05,3.76E-05,5.64E-05,0,0,0,0,0,0,0,col0,rescued
SC.col0.R.5.1,0.008791209,0.011868132,0.006153846,0.018461538,0.39032967,0.011428571,0.009230769,0.017142857,0.009230769,0.108131868,0.012307692,0.088351648,0.029450549,0.009230769,0.035604396,0,0,0.004835165,0.005714286,0.007912088,0.001318681,0.001758242,0.001318681,0.025934066,0.004835165,0.04967033,0.001318681,0.001318681,0,0.004835165,0.001318681,0.001318681,0.001758242,0.006593407,0.012307692,0.000879121,0,0.00043956,0.005274725,0.013186813,0.002637363,0.000879121,0,0,0.003516484,0,0.003516484,0.003956044,0.00043956,0.003516484,0.005274725,0.001318681,0,0.001758242,0.000879121,0.001758242,0.007472527,0.004835165,0.007912088,0.002637363,0,0,0,0,0.001758242,0.00043956,0,0,0,0.00043956,0,0.005714286,0.00043956,0.003076923,0.001758242,0,0,0,0,0.00043956,0.00043956,0,0.012307692,0,0,0,0,0,0,0,0,0,0,0.00043956,0,0.00043956,0,0.00043956,0,0,0,0,0,0,0,col0,rescued
SC.col0.R.5.2,0.004983389,0.032807309,0.004152824,0.011627907,0.48089701,0.019933555,0.005398671,0.019518272,0.007475083,0.137873754,0.012458472,0.052740864,0.011212625,0.004152824,0.022009967,0.000830565,0,0.004568106,0.003737542,0.002491694,0.002906977,0.002076412,0.000415282,0.031146179,0.005398671,0.047342193,0,0.000415282,0,0.002491694,0.001245847,0.001245847,0.003322259,0.002491694,0.007890365,0.001245847,0,0,0.002906977,0.005813953,0.001245847,0.000830565,0,0,0.000830565,0,0.00166113,0.002076412,0.000415282,0.000830565,0.002076412,0.000830565,0,0.000415282,0.000415282,0.000830565,0.003322259,0.002491694,0.005813953,0.004152824,0,0,0,0.000415282,0.000415282,0,0,0,0,0,0,0.002076412,0,0.001245847,0.001245847,0,0,0,0,0.001245847,0.000415282,0,0.007059801,0,0,0,0,0,0,0,0,0,0,0,0,0.000415282,0,0,0,0,0,0,0,0,0,col0,rescued
SC.col0.R.5.3,0.0025,0.030833333,0.00625,0.0075,0.515416667,0.019166667,0.002916667,0.019583333,0.005416667,0.125416667,0.010416667,0.0625,0.010833333,0.00125,0.024166667,0.002083333,0,0.001666667,0.003333333,0.002916667,0.001666667,0.002083333,0.00125,0.019583333,0.003333333,0.042916667,0.000416667,0.00125,0,0.0025,0.000833333,0.002916667,0.00375,0.00375,0.008333333,0.000833333,0,0.000833333,0.0025,0.005833333,0.000416667,0.00125,0,0,0.004166667,0,0.002916667,0.0025,0.000416667,0.00125,0.000833333,0,0,0.000833333,0,0.000416667,0.000833333,0.002916667,0.00625,0.002083333,0,0,0,0.000416667,0.000416667,0,0,0,0,0,0,0.00125,0.000416667,0.000416667,0.000416667,0,0,0,0,0,0,0,0.01,0.000416667,0,0,0,0,0,0,0,0,0,0,0,0,0,0,0,0.000416667,0,0,0,0,0,col0,rescued
SC.col0.R.6.2,0.003506182,0.025281417,0.009595866,0.009226795,0.547702528,0.012548441,0.008304115,0.011994833,0.005905149,0.138401919,0.009964938,0.048163868,0.012548441,0.002952574,0.019007197,0.001660823,0,0.004613397,0.002029895,0.002952574,0.003690718,0.002029895,0.001107215,0.022144307,0.006643292,0.024543274,0.000553608,0.000184536,0,0.002768038,0.000369072,0.002768038,0.00313711,0.000553608,0.002952574,0.001107215,0,0.000369072,0.002214431,0.002214431,0.003321646,0.000184536,0,0.000738144,0.003506182,0,0.002214431,0.002952574,0.000553608,0.001291751,0.000553608,0.000553608,0,0.001107215,0.000184536,0.001845359,0.001476287,0.001660823,0.004428861,0.000922679,0,0,0.000184536,0,0.000184536,0,0,0,0,0,0,0.002214431,0,0.001107215,0.002029895,0,0,0,0,0.000369072,0,0,0.006089684,0.000369072,0,0,0,0,0.000184536,0,0,0,0,0,0,0,0,0,0,0,0,0.002768038,0,0.000922679,0.000369072,col0,rescued
SC.col0.R.6.3,0.003987241,0.031100478,0.009968102,0.011562998,0.495614035,0.014354067,0.00744285,0.014221159,0.006778309,0.141945774,0.012227539,0.062333865,0.007708666,0.003854333,0.021132376,0.000797448,0,0.004518873,0.002392344,0.003854333,0.001594896,0.002923977,0.000398724,0.027246146,0.005980861,0.029239766,0.000398724,0.000797448,0,0.003721425,0.00066454,0.002259436,0.002791069,0.000398724,0.004518873,0.001063264,0,0.000531632,0.003455609,0.002658161,0.001461988,0.000398724,0.000132908,0.000265816,0.003987241,0,0.002259436,0.003322701,0.000265816,0.00199362,0.001727804,0.000398724,0,0.002392344,0.000265816,0.000797448,0.001727804,0.003322701,0.005980861,0.000930356,0,0,0.000265816,0.000398724,0.000132908,0,0.000132908,0,0.000132908,0,0.000132908,0.001727804,0.000132908,0.001594896,0.002525253,0,0,0,0,0,0.000132908,0,0.010366826,0.00066454,0,0,0,0,0,0,0,0,0,0.000398724,0,0,0,0,0,0,0,0.00199362,0,0.000930356,0.000265816,col0,rescued
SC.col0.R.6.1,0.011232052,0.012621584,0.009958314,0.022927281,0.397869384,0.009379342,0.012389995,0.014242705,0.007063455,0.114404817,0.016790181,0.083256137,0.027674849,0.005789717,0.029759148,0.000578972,0,0.009610931,0.003937008,0.003705419,0.003705419,0.00266327,0.000463177,0.025127374,0.011463641,0.047938861,0.001389532,0.001389532,0,0.005905512,0.000694766,0.001389532,0.001621121,0.001736915,0.008221399,0.000463177,0,0.000463177,0.00451598,0.006252895,0.006368689,0.00081056,0.000115794,0.000231589,0.00532654,0.000231589,0.00347383,0.005558129,0.001042149,0.002894859,0.003358036,0.000694766,0,0.002779064,0.000578972,0.001968504,0.005210746,0.00532654,0.005210746,0.001042149,0.000115794,0,0.000231589,0,0.001042149,0.000347383,0.000463177,0,0,0,0,0.003705419,0.000115794,0.002200093,0.002547476,0,0,0.000115794,0,0.000926355,0.000115794,0.000115794,0.011000463,0.000463177,0,0.000231589,0,0,0,0,0,0.000115794,0,0.000115794,0,0.000231589,0.000115794,0,0,0,0,0.003589625,0,0.000926355,0.000347383,col0,rescued
SC.col0.R.7.1,0.003414634,0.097560976,0.012682927,0.009756098,0.434634146,0.102926829,0.005853659,0.024878049,0.004878049,0.052682927,0.012682927,0.06097561,0.032682927,0.003902439,0,0.004390244,0,0.003902439,0.002926829,0.00097561,0.004390244,0.002439024,0,0.022926829,0.02195122,0.009756098,0.000487805,0.001463415,0,0.003414634,0,0.009756098,0,0.00097561,0.004878049,0.00195122,0,0,0.002439024,0.002439024,0.001463415,0.001463415,0,0,0,0,0.00097561,0.003902439,0.000487805,0.00097561,0.00195122,0.00097561,0,0,0.000487805,0.00097561,0,0.001463415,0,0.00097561,0,0,0.000487805,0,0,0,0,0,0,0,0,0.003902439,0,0.00195122,0.00195122,0,0,0,0,0.000487805,0,0,0.001463415,0.000487805,0,0,0,0,0,0,0,0,0,0,0,0,0,0,0,0,0,0.005365854,0,0.002926829,0.003902439,col0,rescued
SC.col0.R.7.3,0.00529661,0.086864407,0.006885593,0.007944915,0.486228814,0.093220339,0.007944915,0.013241525,0.014300847,0.04184322,0.007415254,0.081567797,0.034957627,0.004237288,0,0.002118644,0,0,0.001588983,0.001059322,0.004766949,0.003707627,0.000529661,0.011652542,0.015360169,0.004237288,0.002118644,0.001588983,0,0.003177966,0,0.004237288,0,0.000529661,0.003707627,0.002118644,0,0,0.002118644,0.003707627,0.002648305,0.001588983,0,0,0,0,0.003707627,0.004237288,0,0.001059322,0.002648305,0.001588983,0,0,0.000529661,0,0.002118644,0,0.000529661,0,0,0,0,0,0,0.001059322,0,0,0,0,0.002118644,0.003707627,0,0.001059322,0.001588983,0,0,0,0,0,0.000529661,0,0.000529661,0.001059322,0,0,0,0,0,0,0,0,0,0,0,0,0,0,0,0,0,0.002118644,0,0.002118644,0.003177966,col0,rescued
SC.col0.R.7.2,0.008789063,0.051757813,0.010253906,0.016601563,0.495117188,0.053710938,0.006347656,0.022460938,0.009765625,0.088867188,0.008789063,0.064941406,0.029296875,0.001464844,0.000488281,0.000976563,0,0.002441406,0.002929688,0.000488281,0.002929688,0.001464844,0,0.036621094,0.016113281,0.003417969,0.002929688,0.001953125,0,0.005859375,0,0.009277344,0,0.000488281,0.00390625,0.002441406,0,0,0.000488281,0.000976563,0.001464844,0.000976563,0,0.001953125,0.000976563,0,0.004394531,0.002441406,0,0,0.000488281,0.000488281,0,0.000488281,0.002929688,0,0.001953125,0,0,0,0,0,0.000488281,0.000488281,0,0,0,0,0,0,0,0.001953125,0,0.000488281,0.000976563,0,0,0,0,0,0,0,0.001464844,0.001464844,0,0,0,0,0,0,0,0,0,0,0,0.000488281,0,0,0,0,0,0.000976563,0,0.004882813,0.003417969,col0,rescued
SC.cry1cry2.R.2.1,0.005702648,0.100101833,0.005702648,0.017515275,0.541751527,0.057230143,0.006313646,0.018839104,0.013136456,0.045315682,0.01293279,0.047657841,0.013543788,0.003360489,0.000203666,0.000407332,0,0,0.00610998,0.001221996,0.00407332,0.003665988,0.000101833,0.017311609,0.013238289,0.000610998,0.001221996,0.001120163,0,0.004175153,0.000814664,0.002749491,0.000814664,0.002443992,0.006008147,0.000407332,0.000101833,0.000305499,0.001629328,0.003462322,0.001527495,0.002953157,0,0.000610998,0.000610998,0,0.001527495,0.001832994,0.000407332,0.000101833,0.001527495,0.001120163,0,0.000610998,0.000610998,0.000509165,0.000101833,0.001221996,0.00101833,0.005397149,0,0,0,0.000509165,0,0,0.001527495,0.000509165,0,0.000101833,0,0.002749491,0.000101833,0.001425662,0.000407332,0,0,0,0,0.000203666,0,0.000101833,0.009164969,0,0,0,0,0,0.000101833,0,0,0,0,0.000101833,0,0,0,0,0,0,0,0,0,0,0,cry1cry2,not_rescued
SC.cry1cry2.R.2.3,0.016525957,0.07086402,0.005029639,0.02272319,0.518052811,0.039159332,0.005388899,0.010418538,0.011316688,0.074276989,0.013921322,0.051374169,0.012394467,0.004221304,0.00125741,0.000449075,0,0.0017963,0.002604634,0.00125741,0.006107419,0.003951859,0.00071852,0.013741692,0.011137058,0.007095384,0.004131489,0.002784264,0,0.004670379,0.000449075,0.002784264,0.00161667,0.00215556,0.011496318,0.000449075,0,0.00035926,0.001886115,0.002694449,0.002425004,0.000628705,8.98E-05,0.006197234,0.005388899,0,0.0017963,0.002963894,0.000808335,0.00053889,0.0017963,0.00143704,0,0.000987965,0.00035926,0.00071852,0.005299084,0.00071852,0.00053889,0.005568529,8.98E-05,0,0.00017963,0,0.002514819,0,0.000269445,0,0,0.00017963,0.00035926,0.002874079,0.004760194,0.000987965,0.000628705,0,0,0,0,0.000269445,0,0.00017963,0.006915754,0.00017963,0,0,8.98E-05,0,0,0,0,0,0,0,0,0,0,0,0,0,0,0,0,0,0,cry1cry2,not_rescued
SC.cry1cry2.R.2.2,0.008570687,0.102069085,0.006579517,0.02103714,0.521686434,0.056705047,0.008484114,0.019738551,0.013591897,0.045970046,0.012120163,0.054107869,0.014544195,0.003722621,0,0.000952299,8.66E-05,0,0.006319799,0.001212016,0.004588347,0.00502121,8.66E-05,0.017487663,0.012206735,0.001038871,0.001212016,0.001125444,0,0.003116613,0.00034629,0.002856896,0.001212016,0.001904597,0.007098952,0.000519436,0,8.66E-05,0.002597178,0.002597178,0.00199117,0.00199117,8.66E-05,0.000606008,0.000432863,0,0.002164315,0.002424033,0.000606008,0.000432863,0.001644879,0.000952299,0,0.000606008,0.000173145,0.000432863,0.000692581,0.001125444,0.001385161,0.004501775,0,0,0,0.000519436,8.66E-05,0,0.000865726,0.000606008,0,8.66E-05,0.000173145,0.002770323,8.66E-05,0.000606008,0.000259718,0,0,0,0,0.000173145,0,0,0.008310969,8.66E-05,0,0,0,0.000173145,0,0,0,0,0,8.66E-05,0.000259718,0,0,0,0,0,0,0,0,0,0,cry1cry2,not_rescued
SC.cry1cry2.R.4.3,0.019893343,0.149490525,0.007056471,0.01348443,0.460632321,0.084763356,0.001228454,0.03972955,0.005180459,0.055928007,0.002980669,0.072202647,0.005561375,0.001399867,0.004666222,0.000809447,9.52E-06,0.006466051,0.00183792,0.001676031,0.005913723,0.004218646,0.000180935,0.013313018,0.006294639,0.008484906,0.000409485,0.000780878,0,0.001552233,0.000219027,0.000514237,0.000419008,0.000733263,0.001171317,0.000457099,0,3.81E-05,0.000742786,0.000380916,0.000495191,0.003885344,9.52E-05,0.000761832,0.000247595,3.81E-05,0.000999905,0.000685649,0.000514237,0.000209504,0.001057042,0.000723741,0,0.000447576,0.000923722,0.00036187,0.001266546,0.000647557,0.00065708,0.002371203,0.000104752,0,1.90E-05,0.000352347,0.000542805,3.81E-05,6.67E-05,0,0,4.76E-05,4.76E-05,0.000399962,4.76E-05,6.67E-05,8.57E-05,1.90E-05,0,7.62E-05,0,4.76E-05,1.90E-05,9.52E-06,0.000219027,9.52E-06,0,0,9.52E-06,0,2.86E-05,0,0,0,0,0.000409485,0.000104752,0,0,1.90E-05,0,0,0,0,0,0,0,cry1cry2,not_rescued
SC.cry1cry2.R.4.2,0.0178756,0.133241048,0.005324843,0.016934293,0.463169066,0.073301956,0.002002584,0.033508675,0.002814692,0.043835364,0.00251938,0.107696567,0.010262089,0.000959764,0.006561462,0.002325581,0,0.006441491,0.001725729,0.002583979,0.00583241,0.004254337,0.000276855,0.013473606,0.003082318,0.013556663,0.000470653,0.000498339,0,0.001771872,0.000479882,0.000645995,0.00048911,0.000544481,0.001199705,0.000747508,0,4.61E-05,0.000756737,0.001190476,0.00055371,0.003239203,0.000101513,0.000433739,0.000239941,3.69E-05,0.001264304,0.000885936,0.000378368,0.000230712,0.001301218,0.000406054,0,0.000406054,0.000664452,0.00048911,0.00073828,0.000415282,0.001125877,0.002030269,9.23E-06,0,0,5.54E-05,0.000322997,0,4.61E-05,0,0,3.69E-05,7.38E-05,0.00036914,3.69E-05,0.000203027,0.000110742,0,0,6.46E-05,0,5.54E-05,2.77E-05,9.23E-06,0.000812108,9.23E-06,0,0,9.23E-06,3.69E-05,9.23E-06,0,0,0,0,0.000295312,5.54E-05,9.23E-06,0,0,0,0,0,0,0,0,0,cry1cry2,not_rescued
SC.cry1cry2.R.4.1,0.09379497,0.008129881,0.006088186,0.053440748,0.448865383,0.023024414,0.004157186,0.038201833,0.00426788,0.054842876,0.003074842,0.107877744,0.01573089,0.000442777,0.008867843,0.0019433,2.46E-05,0.038706107,0.00329623,0.002902651,0.004107988,0.002619765,0.000356682,0.005559314,0.004353976,0.028780518,0.000368981,0.00019679,0,0.003259332,0.000553471,0.00077486,0.001143841,0.000811758,0.001525121,0.000762561,0,0.000135293,0.000860956,0.000922452,0.000848656,0.004427772,0.000135293,0.000762561,0.00057807,8.61E-05,0.002226185,0.001525121,0.000221389,0.000356682,0.001525121,0.000860956,0,0.000651866,0.000553471,0.000651866,0.00212779,0.000602669,0.000701064,0.002422975,0.000467376,0,2.46E-05,0.00018449,0.000479675,1.23E-05,0,0,0,9.84E-05,8.61E-05,0.000836357,0,0.000332083,0.000159892,0,0,0.000110694,0,9.84E-05,2.46E-05,1.23E-05,0.000405879,3.69E-05,0,0,7.38E-05,0,4.92E-05,0,0,3.69E-05,0,0.000332083,8.61E-05,1.23E-05,0,0,0,0,0,0,0,0,0,cry1cry2,not_rescued
SC.cry1cry2.R.5.2,0.00913242,0.021526419,0.007175473,0.013046314,0.376386171,0.012393999,0.003261579,0.024135682,0.006523157,0.174820613,0.011741683,0.048923679,0.026744945,0.007827789,0.04109589,0.001304631,0,0.007827789,0.003261579,0.000652316,0.002609263,0.001956947,0.000652316,0.033268102,0.008480104,0.052185258,0.001956947,0.001956947,0,0.003261579,0.000652316,0.002609263,0.001304631,0.007827789,0.012393999,0.001956947,0,0,0.002609263,0.011741683,0,0.000652316,0.000652316,0,0.001956947,0,0.002609263,0.002609263,0,0.001304631,0.002609263,0.001304631,0,0.003913894,0,0.001956947,0.00456621,0.005870841,0.006523157,0.002609263,0,0,0,0,0.001304631,0.000652316,0,0,0,0.000652316,0,0.003913894,0.001304631,0.000652316,0.001304631,0,0,0,0,0.001304631,0,0,0.002609263,0,0,0,0,0,0,0,0,0,0,0.000652316,0.000652316,0.000652316,0,0,0,0,0,0,0,0,0,cry1cry2,not_rescued
SC.cry1cry2.R.5.1,0.004550626,0.032992036,0.005688282,0.020477816,0.408418658,0.014789534,0.006825939,0.020477816,0,0.151308305,0.009101251,0.048919226,0.012514221,0.007963595,0.059158134,0.004550626,0,0.007963595,0.005688282,0,0.001137656,0,0.002275313,0.019340159,0.002275313,0.051194539,0,0.005688282,0,0,0,0.004550626,0,0.003412969,0.01592719,0.001137656,0,0,0.001137656,0.007963595,0.001137656,0.002275313,0,0,0,0,0.001137656,0.002275313,0,0.001137656,0.003412969,0,0,0.002275313,0,0.001137656,0.010238908,0.002275313,0.005688282,0.007963595,0,0,0,0,0.004550626,0.001137656,0,0,0,0,0,0.002275313,0.001137656,0.001137656,0,0,0,0,0,0,0,0,0.007963595,0,0,0,0.001137656,0,0,0,0,0,0,0.001137656,0,0,0,0,0,0.001137656,0,0,0,0,0,cry1cry2,not_rescued
SC.cry1cry2.R.5.3,0.003777148,0.023607177,0.004721435,0.018885741,0.381491974,0.015108593,0.006610009,0.013220019,0.006610009,0.171860246,0.008498584,0.059490085,0.015108593,0.006610009,0.026440038,0.001888574,0,0.008498584,0.001888574,0.004721435,0.004721435,0.001888574,0,0.026440038,0.009442871,0.066100094,0,0.004721435,0,0.002832861,0,0.001888574,0.003777148,0.007554297,0.01605288,0.001888574,0,0,0.000944287,0.008498584,0.001888574,0.000944287,0,0,0.003777148,0,0.001888574,0.003777148,0.002832861,0,0.000944287,0.001888574,0,0.004721435,0.000944287,0.000944287,0.008498584,0.001888574,0.006610009,0.007554297,0,0,0,0,0.001888574,0,0,0,0,0.000944287,0,0.001888574,0.001888574,0.000944287,0,0,0,0,0,0,0,0,0.004721435,0,0,0,0.000944287,0,0.000944287,0,0,0,0,0,0.000944287,0,0,0,0,0,0,0,0,0,0,cry1cry2,not_rescued
SC.dde2.R.1.2,0.123297794,0.018156867,0.003589148,0.065132482,0.532249551,0.049509131,0.009500686,0.012139766,0.004855906,0.029768817,0.009606249,0.033357965,0.02090151,0.002955769,0.001583448,0.000527816,0,0.000527816,0.001055632,0.001266758,0.002111264,0.002111264,0.000527816,0.011928639,0.003905838,0.002744643,0.005594849,0.002533516,0,0.002216827,0.002111264,0.009395123,0.000105563,0.00031669,0.003905838,0.0020057,0.00031669,0,0.002850206,0.003272459,0.002533516,0.000633379,0.000105563,0.00031669,0.001689011,0,0.000950069,0.002427953,0,0.000105563,0.001055632,0.000950069,0,0,0.000211126,0.000211126,0.000844505,0.001266758,0,0,0,0,0,0,0.000422253,0,0,0.00031669,0,0.000105563,0.00031669,0.001689011,0,0.001583448,0.001161195,0,0,0,0,0,0,0,0.002639079,0,0,0,0,0,0,0,0,0,0,0.00031669,0,0.000211126,0,0,0,0,0,0,0,0,0,dde2,not_rescued
SC.dde2.R.1.1,0.090940767,0.024157956,0.005807201,0.06387921,0.520557491,0.051916376,0.010220674,0.01533101,0.007317073,0.031242741,0.01126597,0.037049942,0.029384437,0.003019744,0.001626016,0.000116144,0,0.000348432,0.001277584,0.000929152,0.001626016,0.003600465,0.000232288,0.017189315,0.007549361,0.003252033,0.008246225,0.00232288,0,0.001974448,0.002090592,0.006968641,0,0.000464576,0.003716609,0.001858304,0,0,0.003252033,0.003368177,0.002671312,0.001045296,0,0.000232288,0.003019744,0,0.00174216,0.003019744,0.000116144,0.000116144,0.001045296,0.00058072,0,0,0.000464576,0.000116144,0.001858304,0.001626016,0.000348432,0.000116144,0,0,0,0,0.000464576,0.000116144,0.000348432,0.000232288,0,0.000116144,0.00058072,0.001045296,0,0.001509872,0.00116144,0.000116144,0.000116144,0,0,0,0.000116144,0,0.00116144,0,0,0.000232288,0.000116144,0,0,0,0,0.000116144,0,0.000116144,0,0.000116144,0,0,0,0,0,0,0,0,0,dde2,not_rescued
SC.dde2.R.1.3,0.018419362,0.050331977,0.007282073,0.067466267,0.288070251,0.077532662,0.017991004,0.027629043,0.021417862,0.080745342,0.031055901,0.054615549,0.052259584,0.00471193,0.00771043,0.000428357,0,0.000642536,0.001070893,0.002141786,0.005354466,0.00471193,0.000856714,0.023988006,0.015849218,0.02184622,0.003855215,0.008567145,0,0.005140287,0.002355965,0.006853716,0.000214179,0.000856714,0.008995502,0.000856714,0,0,0.003426858,0.002355965,0.003641037,0.003641037,0,0.002141786,0.007496252,0,0.004497751,0.00471193,0.000214179,0.000214179,0.005140287,0.001713429,0,0,0.000428357,0.000428357,0.01563504,0.003641037,0.000642536,0.000428357,0,0,0,0,0.002141786,0.000214179,0.000214179,0,0,0.000214179,0.000428357,0.002141786,0.000214179,0.003426858,0.001285072,0,0.000214179,0,0,0,0.000214179,0,0.002141786,0,0,0.004283572,0,0,0,0,0,0.000214179,0,0.000428357,0,0,0,0,0,0,0,0,0,0,0,dde2,not_rescued
SC.dde2.R.2.1,0.013083955,0.084458609,0.007967793,0.028935671,0.457267466,0.045709972,0.010316196,0.020800134,0.007464564,0.07280047,0.008303279,0.066929464,0.020380777,0.006374235,0.000251615,0.000922587,0,0.002012916,0.00335486,0.001174201,0.003438732,0.002851631,0.000419358,0.020213034,0.009058123,0.002180659,0.003019374,0.002264531,0,0.007716179,0.000335486,0.004612933,0.006374235,0.001258073,0.012329112,0.000503229,0,0.000670972,0.002348402,0.00167743,0.002348402,0.002012916,8.39E-05,0.001341944,0.002264531,0,0.001761302,0.003187117,0.001425816,0.000838715,0.001006458,0.000670972,0,0.00109033,0.000419358,0.000419358,0.00612262,0.000419358,0.001174201,0.007967793,0,0,0,0.000251615,0.001258073,8.39E-05,0.000335486,0,0,8.39E-05,0.000167743,0.001174201,0,0.001006458,0.000587101,0,0,0,0,0.000335486,0,0,0.019542062,0,0,0,8.39E-05,0,0,0,0,0,0,0.000419358,0.000335486,0,0,0,0,0,0,0,0,0,0,dde2,not_rescued
SC.dde2.R.2.3,0.019105046,0.041891463,0.010853697,0.043097429,0.416058394,0.022786417,0.007045382,0.016566169,0.01294827,0.090384005,0.010726753,0.092224691,0.018406855,0.003998731,0.003744843,0.000634719,0,0.002856236,0.004189146,0.001523326,0.003046652,0.003046652,0.000634719,0.03052999,0.012567439,0.007807045,0.004379562,0.002221517,0,0.010472866,0.000761663,0.003237068,0.004379562,0.002475405,0.010472866,0.000507775,0,0.000761663,0.002284989,0.002792764,0.002729292,0.000507775,0.000126944,0.00863218,0.003998731,0,0.002792764,0.004569978,0.001015551,0.002031101,0.00133291,0.001523326,0,0.001205966,0.00031736,0.000888607,0.008695652,0.001459854,0.000571247,0.003935259,0.000190416,0,0,6.35E-05,0.002411933,0.00031736,0.00031736,0,0,6.35E-05,0.000126944,0.002538877,0.006156776,0.001269438,0.000507775,6.35E-05,0,0,0,0.000253888,0.000126944,0,0.017200889,0.000126944,0,0.000126944,0,0,0,0,0,6.35E-05,0,0.000126944,0.000190416,0,0,0,0,0,0,0,0,0,0,dde2,not_rescued
SC.dde2.R.2.2,0.01336757,0.081791405,0.008685145,0.030133676,0.458349067,0.041462125,0.010120082,0.01789895,0.008760668,0.071142663,0.008232007,0.069103542,0.022656899,0.008609622,0.000226569,0.000906276,0,0.002416736,0.003549581,0.001283891,0.00377615,0.00302092,0.000302092,0.019711502,0.007174685,0.001359414,0.004304811,0.002567782,0,0.006343932,0.000302092,0.003323012,0.005135564,0.002190167,0.013518616,0.000604184,0,0.000679707,0.002416736,0.00226569,0.002945397,0.00151046,0,0.001661506,0.002114644,7.55E-05,0.002643305,0.003700627,0.001434937,0.001057322,0.000981799,0.001132845,0,0.00075523,0.000302092,0.000226569,0.00604184,0.000981799,0.001208368,0.00830753,7.55E-05,0,7.55E-05,7.55E-05,0.00075523,7.55E-05,0.000226569,0,0,0.000226569,0,0.00226569,0.000151046,0.001057322,0.000679707,0,0,0,0,0.000453138,0,0,0.01865418,0,0,0,0,0,7.55E-05,0,7.55E-05,0,0,0.000151046,7.55E-05,7.55E-05,0,0,0,0,0,0,0,0,0,dde2,not_rescued
SC.dde2.R.3.3,0.011649648,0.155616281,0.004170861,0.036099525,0.38127427,0.072486696,0.010930534,0.020279016,0.010786711,0.071479937,0.008341723,0.072774342,0.003451747,0.00100676,0.00359557,0.000862937,0,0.005465267,0.002013519,0.002301165,0.005033798,0.002444988,0.001294405,0.016251978,0.013950813,0.010355242,0.001582051,0.001294405,0,0.003883216,0.000431468,0.002157342,0.001150582,0.008485546,0.007334963,0.000719114,0,0.000287646,0.001869697,0.004314684,0.002013519,0.000862937,0.000143823,0.002732633,0.001150582,0,0.00359557,0.004027039,0.000431468,0.001725874,0.001869697,0.000575291,0,0,0.000431468,0.001438228,0.002588811,0.000862937,0.001582051,0.000431468,0,0,0,0.001150582,0.001582051,0,0,0,0,0.000719114,0.000143823,0.002732633,0.000431468,0.001438228,0.000431468,0,0,0,0,0,0,0,0.006759672,0,0,0,0,0,0.000143823,0,0,0,0,0.000575291,0,0,0,0,0,0,0,0,0,0,0,dde2,not_rescued
SC.dde2.R.3.2,0.016454036,0.140336235,0.007034697,0.040300465,0.369858114,0.077023966,0.011923214,0.018480982,0.010850125,0.076427805,0.009538572,0.071777751,0.00500775,0.001192321,0.002980804,0.000834625,0,0.006319304,0.002861571,0.001550018,0.004173125,0.002623107,0.001311554,0.017288661,0.012519375,0.012280911,0.00166925,0.001907714,0,0.005126982,0.000476929,0.002861571,0.001311554,0.008227018,0.008465482,0.001073089,0,0.000238464,0.002980804,0.003219268,0.002384643,0.000715393,0,0.002265411,0.001788482,0,0.0033385,0.004530822,0.000357696,0.000476929,0.001550018,0.000834625,0,0,0.000357696,0.001907714,0.001907714,0.001311554,0.002146179,0.000476929,0,0,0,0.000715393,0.001907714,0,0.000119232,0,0,0,0.000238464,0.002861571,0.000596161,0.001311554,0.000715393,0,0,0,0,0,0,0,0.005603911,0.000357696,0,0,0.000238464,0,0,0,0.000119232,0,0,0.000357696,0,0,0,0,0,0,0,0,0,0,0,dde2,not_rescued
SC.dde2.R.3.1,0.014767664,0.12667091,0.007129217,0.0359007,0.385359644,0.068491407,0.009038829,0.020114577,0.009802673,0.076257161,0.010566518,0.072947167,0.003309994,0.001400382,0.003946531,0.000763845,0,0.007638447,0.002800764,0.001782304,0.004583068,0.003309994,0.001400382,0.022024188,0.011075748,0.013112667,0.002036919,0.002673456,0,0.005856143,0.000127307,0.002800764,0.001273074,0.009802673,0.008784214,0.00050923,0,0.000381922,0.002418842,0.003819223,0.003564609,0.001273074,0.000127307,0.002928071,0.002164227,0,0.004328453,0.003182686,0.000381922,0.001909612,0.001400382,0.00101846,0,0,0.000254615,0.001400382,0.001909612,0.00101846,0.002291534,0.000127307,0,0,0,0.000636537,0.001654997,0.000127307,0.000127307,0,0,0,0,0.002418842,0.00101846,0.000763845,0.001527689,0,0,0,0,0.000254615,0,0,0.006365372,0.000254615,0.000127307,0,0.000127307,0.000127307,0,0,0.000127307,0,0,0.000381922,0,0,0,0,0,0,0,0,0,0,0,dde2,not_rescued
SC.della.R.1.2,0.017714968,0.071058917,0.015724522,0.070859873,0.236265924,0.092754777,0.017117834,0.040207006,0.022890127,0.05513535,0.035031847,0.050159236,0.093550955,0.013335987,0.001194268,0.000398089,0,0,0.001393312,0.003582803,0.005175159,0.005971338,0.000796178,0.047173567,0.015724522,0.003184713,0.007961783,0.006369427,0,0.003184713,0.005175159,0.005971338,0.000199045,0.001592357,0.011544586,0.000199045,0.000199045,0,0.004378981,0.000995223,0.003980892,0.001194268,0.000199045,0.001393312,0.004179936,0,0.001194268,0.004976115,0,0.000398089,0.000597134,0.001393312,0,0,0.000597134,0.000199045,0.000199045,0.003582803,0.000597134,0,0,0,0,0.000199045,0.000199045,0.000199045,0,0,0,0,0.000995223,0.00258758,0.000796178,0.002388535,0.000995223,0,0,0,0,0,0.000597134,0,0.001592357,0,0,0.000398089,0,0,0,0.000199045,0,0,0,0,0,0,0,0,0,0,0,0,0,0,0,della,rescued
SC.della.R.1.1,0.020328599,0.037037037,0.007518797,0.106655528,0.304093567,0.037872459,0.020607073,0.024505709,0.019214703,0.042049568,0.022556391,0.06321359,0.083820663,0.010303537,0.006961849,0.000278474,0,0,0.00139237,0.006404901,0.00278474,0.003620162,0.000835422,0.032581454,0.020607073,0.00278474,0.007797271,0.004734057,0,0.005291005,0.006404901,0.008354219,0.002227792,0.003063214,0.012531328,0,0,0,0.00278474,0.001670844,0.004177109,0.000835422,0,0.003898635,0.002227792,0,0.003341688,0.007518797,0.000278474,0.000835422,0.004734057,0.004455583,0,0,0,0.001113896,0.006683375,0.003898635,0.000556948,0,0.000278474,0,0,0,0.00139237,0,0.000278474,0,0,0.000835422,0.000278474,0.00278474,0.00139237,0.002227792,0.002506266,0,0,0,0,0.000278474,0,0.000278474,0.009468115,0,0,0.000278474,0,0,0,0.000278474,0,0,0,0,0,0,0,0,0,0,0,0,0,0,0,della,rescued
SC.della.R.1.3,0.018830525,0.046580773,0.012388503,0.086223984,0.324578791,0.056987116,0.015361744,0.027750248,0.024777007,0.052527255,0.020317146,0.060951437,0.078295342,0.009910803,0.002973241,0.00049554,0,0,0.001982161,0.003468781,0.005946482,0.003964321,0.00049554,0.032705649,0.015857284,0.004955401,0.008424182,0.004459861,0,0.002973241,0.002477701,0.005450942,0.00148662,0.004955401,0.010901883,0,0,0,0.005450942,0.002973241,0.005450942,0,0,0.005946482,0.00148662,0,0.00148662,0.002477701,0,0,0.002477701,0.001982161,0,0,0.00049554,0,0.002477701,0.00148662,0.00148662,0,0,0,0,0.00049554,0.00049554,0,0,0,0,0,0.00049554,0.002477701,0.00049554,0,0.002973241,0,0,0,0,0,0,0,0.005946482,0.00049554,0,0.00099108,0,0,0,0,0,0,0,0,0,0,0,0,0,0,0,0,0,0,0,della,rescued
SC.della.R.4.2,0.018834499,0.028251748,0.008298368,0.035617716,0.436829837,0.068438228,0.007645688,0.020606061,0.005314685,0.078974359,0.00969697,0.048578089,0.023776224,0.004568765,0.016783217,0.001585082,0,0.007365967,0.001585082,0.001771562,0.001864802,0.002331002,0.001864802,0.026666667,0.009230769,0.024055944,0.002797203,0.001958042,0,0.002424242,0.004755245,0.006060606,0.000559441,0.000932401,0.01006993,0.001678322,0,9.32E-05,0.003076923,0.015477855,0.001491841,0.000652681,0.00018648,0.003076923,0.004568765,9.32E-05,0.004009324,0.001958042,0.00027972,0.001118881,0.000839161,0.000932401,0,0.001771562,0.00037296,0.000745921,0.011375291,0.004848485,0.002331002,0.002051282,9.32E-05,0,9.32E-05,0,0.001771562,0.0004662,0.00027972,0,0.00018648,0,0.0004662,0.004289044,0.00018648,0.001118881,0.000652681,0,0,9.32E-05,0,0.000745921,9.32E-05,0.00018648,0.004382284,0.00037296,0,0,0.00027972,0,9.32E-05,0,0,0,0,0.000745921,9.32E-05,9.32E-05,0,9.32E-05,0,0,0,0,0,0,0,della,rescued
SC.della.R.4.1,0.030661556,0.063822696,0.008248625,0.043326112,0.333111148,0.038910182,0.014747542,0.016413931,0.01058157,0.101733044,0.010831528,0.078653558,0.012997834,0.001583069,0.029245126,0.001666389,8.33E-05,0.012164639,0.001916347,0.002832861,0.004082653,0.003332778,0.002666222,0.015414098,0.009748375,0.032411265,0.003666056,0.00149975,0,0.005082486,0.004999167,0.003916014,0.000999833,0.002249625,0.010164973,0.000249958,0,0.000166639,0.004249292,0.008665222,0.003666056,0.001166472,0.000416597,0.003749375,0.00449925,0,0.005082486,0.002416264,0.000583236,0.001583069,0.003166139,0.001083153,0,0.001249792,0.000583236,0.002582903,0.009998334,0.002832861,0.004082653,0.003832695,0.000666556,0,0,0,0.001583069,0,0.000249958,0.000249958,0,0.000166639,0.000333278,0.002582903,8.33E-05,0.001999667,0.001833028,0,0,0,8.33E-05,0.000166639,0,0,0.007665389,0.000249958,0,0,0.000249958,0,8.33E-05,0,0,0,0,0.001749708,0.000166639,8.33E-05,8.33E-05,0,0,0,0,0,0,0,0,della,rescued
SC.della.R.4.3,0.05380117,0.06871345,0.007894737,0.056432749,0.343567251,0.037426901,0.007017544,0.020760234,0.007017544,0.127192982,0.007894737,0.044152047,0.008187135,0.000584795,0.014327485,0.002339181,0,0.01754386,0.002046784,0.002631579,0.002339181,0.001754386,0.003216374,0.028947368,0.012280702,0.020467836,0.002046784,0.003216374,0,0.002631579,0.004678363,0.001461988,0.001754386,0.000584795,0.005847953,0.001169591,0,0,0.002339181,0.018128655,0.001169591,0,0,0.003508772,0.002046784,0,0.00497076,0.000584795,0,0.000877193,0.000877193,0.002046784,0,0.001169591,0,0.000877193,0.01374269,0.002923977,0.003216374,0.002923977,0.000877193,0,0.000584795,0,0.001169591,0,0,0,0,0.001461988,0,0.002339181,0.000292398,0.000584795,0.000584795,0,0,0,0,0.000292398,0,0,0.007309942,0,0,0,0.000292398,0,0,0,0,0,0,0.000877193,0,0,0,0,0,0,0,0,0,0,0,della,rescued
SC.della.R.5.2,0.008583691,0.038626609,0.017167382,0.021459227,0.510729614,0.008583691,0,0.038626609,0.004291845,0.064377682,0.008583691,0.055793991,0.008583691,0.004291845,0.042918455,0.004291845,0,0.008583691,0.004291845,0,0.004291845,0.004291845,0,0.017167382,0,0.034334764,0,0.004291845,0,0,0.004291845,0,0,0,0.008583691,0,0,0.004291845,0.004291845,0.030042918,0,0,0,0,0,0,0.004291845,0,0,0,0,0,0,0.008583691,0,0,0.004291845,0.004291845,0,0,0,0,0,0,0,0,0,0,0,0,0,0.008583691,0,0,0,0,0,0,0,0,0,0.004291845,0,0,0,0,0,0,0,0,0,0,0,0,0,0,0,0,0,0,0,0,0,0,0,della,rescued
SC.della.R.5.3,0.007731959,0.023195876,0.007731959,0.023195876,0.358247423,0.010309278,0.00257732,0.015463918,0.005154639,0.113402062,0.007731959,0.090206186,0.018041237,0.00257732,0.038659794,0,0,0.007731959,0.00257732,0.00257732,0.00257732,0.00257732,0.00257732,0.023195876,0.00257732,0.077319588,0.005154639,0.005154639,0,0.00257732,0,0,0,0.005154639,0.028350515,0,0,0,0.007731959,0.012886598,0,0.00257732,0,0,0.00257732,0,0.00257732,0.00257732,0.005154639,0.00257732,0,0.00257732,0,0.005154639,0,0,0.015463918,0,0.005154639,0.007731959,0,0,0,0,0.007731959,0,0,0,0,0,0,0.005154639,0.00257732,0,0,0,0,0,0,0,0.00257732,0,0.010309278,0.00257732,0,0,0,0,0,0,0,0,0,0,0,0,0,0,0,0,0,0,0,0,0,della,rescued
SC.della.R.5.1,0.013157895,0.01754386,0.006578947,0.015350877,0.451754386,0.010964912,0,0.024122807,0.00877193,0.098684211,0.002192982,0.059210526,0.00877193,0.006578947,0.050438596,0,0,0.004385965,0.006578947,0,0.010964912,0.002192982,0.002192982,0.021929825,0,0.046052632,0.002192982,0.006578947,0,0.004385965,0,0.006578947,0.006578947,0.006578947,0.00877193,0,0,0.002192982,0,0.00877193,0,0.002192982,0,0,0.002192982,0,0.004385965,0.004385965,0,0,0.002192982,0.002192982,0,0.004385965,0.002192982,0.002192982,0.01754386,0,0.004385965,0.004385965,0,0,0,0,0.002192982,0,0,0,0,0,0,0.00877193,0.002192982,0,0.002192982,0,0,0,0,0.002192982,0,0,0.00877193,0,0,0,0,0,0,0,0,0,0,0,0,0,0,0,0,0,0,0,0,0,0,della,rescued
SC.jazq.R.5.3,0.005965697,0.024608501,0.004474273,0.011185682,0.458612975,0.016405667,0.006711409,0.016405667,0.011185682,0.082774049,0.008948546,0.074571216,0.011931394,0.019388516,0.025354213,0.000745712,0,0.004474273,0.003728561,0.002982849,0.005965697,0.004474273,0,0.011931394,0.006711409,0.043251305,0.001491424,0.003728561,0,0.004474273,0.000745712,0.001491424,0.001491424,0.006711409,0.017897092,0.002237136,0,0,0.000745712,0.014168531,0.000745712,0.000745712,0,0,0.003728561,0,0.002982849,0,0,0,0.002237136,0.000745712,0,0.005965697,0.000745712,0.002237136,0.013422819,0.004474273,0.006711409,0.009694258,0,0,0,0.001491424,0.002982849,0.000745712,0.002237136,0,0,0,0,0.005219985,0,0.002982849,0.000745712,0,0,0,0,0,0,0,0.008948546,0,0,0.000745712,0,0,0,0,0,0,0,0.001491424,0,0,0,0,0,0,0,0,0,0,0,jazq,not_rescued
SC.jazq.R.5.1,0.004934211,0.034539474,0.004111842,0.010690789,0.449835526,0.018914474,0.003289474,0.014802632,0.008223684,0.086348684,0.009046053,0.059210526,0.010690789,0.013980263,0.024671053,0.003289474,0,0.004934211,0.004934211,0.002467105,0.006578947,0.001644737,0.000822368,0.03125,0.003289474,0.046875,0.000822368,0.004934211,0,0.008223684,0.002467105,0.002467105,0.001644737,0.007401316,0.023848684,0.000822368,0,0.000822368,0.001644737,0.004934211,0.002467105,0.000822368,0,0,0.001644737,0,0.002467105,0.003289474,0.000822368,0.000822368,0.002467105,0.002467105,0,0.003289474,0,0.002467105,0.013157895,0.005756579,0.004111842,0.005756579,0,0,0,0,0.001644737,0,0.001644737,0,0,0,0,0.006578947,0,0.004111842,0.000822368,0,0,0,0,0,0,0,0.011513158,0,0,0,0,0,0,0,0,0,0,0.000822368,0.000822368,0,0,0.000822368,0,0,0,0,0,0,0,jazq,not_rescued
SC.jazq.R.5.2,0.00399361,0.039936102,0.002396166,0.016773163,0.401757188,0.018370607,0.007188498,0.019968051,0.009584665,0.089456869,0.015974441,0.07028754,0.00798722,0.017571885,0.026357827,0.002396166,0,0.008785942,0.003194888,0.001597444,0.00399361,0.001597444,0,0.026357827,0.002396166,0.049520767,0.001597444,0.005591054,0,0.003194888,0.000798722,0.00399361,0.002396166,0.005591054,0.024760383,0.001597444,0,0.000798722,0.00399361,0.012779553,0.000798722,0.000798722,0,0,0.00399361,0,0.002396166,0.004792332,0.002396166,0.001597444,0.002396166,0.002396166,0,0.003194888,0,0.001597444,0.011980831,0.003194888,0.008785942,0.00798722,0,0,0,0.000798722,0.00399361,0,0.001597444,0,0,0,0,0.009584665,0,0.001597444,0,0,0,0,0,0,0,0,0.006389776,0.000798722,0,0,0.000798722,0,0.000798722,0,0,0,0,0.000798722,0,0,0,0,0,0,0,0,0,0,0,jazq,not_rescued
SC.jazq.R.6.2,0.007163542,0.031245237,0.010059442,0.013107758,0.521414419,0.019509221,0.005029721,0.016613321,0.007925621,0.078646548,0.015241579,0.057918,0.009907026,0.010364274,0.012345679,0.000762079,0.000152416,0.003657979,0.002286237,0.003962811,0.005334553,0.001676574,0.000914495,0.020880963,0.008535284,0.027130011,0.001371742,0.002438653,0,0.003200732,0.000914495,0.006401463,0.001371742,0.001219326,0.010059442,0.001676574,0,0,0.002591068,0.008992532,0.001981405,0.001066911,0.000152416,0,0.003657979,0.000457247,0.002438653,0.003657979,0.001066911,0.001219326,0.001524158,0.001371742,0,0.004267642,0.000609663,0.001981405,0.009297363,0.001981405,0.004115226,0.004267642,0.000304832,0,0.000762079,0.000457247,0.000762079,0,0.000304832,0,0,0.000152416,0.000914495,0.002438653,0.000762079,0.002591068,0.001066911,0,0,0.000152416,0,0.000152416,0,0,0.00762079,0.000457247,0,0,0,0,0.000152416,0,0,0,0,0.000304832,0,0,0,0,0,0,0,0.002133821,0,0.001371742,0,jazq,not_rescued
SC.jazq.R.6.3,0.006838609,0.023446659,0.004493943,0.01328644,0.532434545,0.015826495,0.00332161,0.013481829,0.006057054,0.082063306,0.010550996,0.057248925,0.008597108,0.012700274,0.010941774,0.001367722,0,0.004884721,0.002540055,0.001172333,0.004298554,0.002540055,0.000195389,0.016217272,0.010355608,0.026182102,0.001172333,0.00332161,0,0.002930832,0.000781555,0.002735444,0.001172333,0.001172333,0.020906604,0.001367722,0,0.000390778,0.002540055,0.013677218,0.000781555,0.000976944,0,0,0.002735444,0,0.000586166,0.002540055,0.000976944,0.001563111,0.003126221,0.000586166,0,0.00664322,0.000390778,0.000586166,0.010941774,0.001758499,0.005470887,0.005470887,0,0,0.000195389,0.000586166,0.001758499,0,0.001563111,0,0,0.000390778,0.000195389,0.007033998,0.000195389,0.002735444,0.000976944,0,0,0,0,0.000976944,0.000390778,0,0.007620164,0.000390778,0,0,0.000586166,0,0.000390778,0,0,0,0,0.001172333,0,0.000195389,0.000195389,0.000195389,0,0,0,0.002149277,0.000195389,0.001172333,0.000390778,jazq,not_rescued
SC.jazq.R.6.1,0.00843795,0.031282157,0.008026343,0.011936612,0.532414077,0.019139741,0.006791521,0.013583042,0.00843795,0.077176374,0.011936612,0.054743774,0.011319201,0.009261165,0.013377238,0.000823215,0.000205804,0.005556699,0.002881251,0.002675448,0.004116073,0.004733484,0.000823215,0.016464293,0.011525005,0.027577691,0.001852233,0.00226384,0,0.003498662,0.001029018,0.004527681,0.001029018,0.001440626,0.011525005,0.000411607,0,0.000205804,0.003498662,0.009055361,0.001646429,0.00226384,0.000823215,0.000205804,0.001646429,0,0.00391027,0.002881251,0.001440626,0.000823215,0.001852233,0.000411607,0,0.002675448,0.000823215,0.000617411,0.006997325,0.001234822,0.004733484,0.002881251,0,0,0.000617411,0,0.001852233,0,0.001234822,0,0,0.000411607,0.000205804,0.004939288,0.001234822,0.001234822,0.001029018,0.000205804,0,0,0,0.000411607,0.000205804,0,0.007203128,0.000411607,0,0,0.000617411,0,0,0,0,0,0,0.001029018,0,0,0,0,0,0.000205804,0,0.002058037,0,0.001234822,0.000205804,jazq,not_rescued
SC.myc2.R.4.3,0.01703616,0.022790094,0.013933548,0.060811192,0.352118238,0.037569809,0.011902747,0.025272184,0.016189993,0.094996333,0.012015569,0.082529475,0.014328426,0.002369267,0.007615502,0.0020308,0,0.006825746,0.002594912,0.00349749,0.003441079,0.002256445,0.001353867,0.0481751,0.015174592,0.025779884,0.002369267,0.001071811,0,0.005697524,0.0015231,0.005584701,0.000225644,0.002369267,0.010492469,0.003271845,0,0.000112822,0.003271845,0.013595081,0.002369267,0.000676933,0.000225644,0.0015231,0.001861567,0,0.008856547,0.003553901,0.000846167,0.001466689,0.001917978,0.000620522,0,0.000902578,0.000451289,0.002594912,0.006205224,0.002200034,0.005415468,0.003271845,0.000733345,0,0,0.000112822,0.001692334,0.000282056,0.000394878,0,0,0.000169233,5.64E-05,0.005641112,0.000282056,0.0020308,0.001184634,5.64E-05,0,0,0,0.000451289,0,0.000169233,0.008574491,5.64E-05,0,0,5.64E-05,0,0,0,0,0,0,0.0005077,0.000282056,5.64E-05,0,5.64E-05,0,0,0,0,0,0,0,myc2,not_rescued
SC.myc2.R.4.1,0.021185966,0.023876247,0.016870306,0.070900123,0.295930949,0.039065127,0.013115122,0.025221388,0.014404215,0.092646564,0.013339312,0.093767515,0.01518888,0.003026567,0.007510369,0.003082614,0,0.006669656,0.003699137,0.005548705,0.002746329,0.002466091,0.000952808,0.052684677,0.013451407,0.031722901,0.003418899,0.002017711,0,0.006109181,0.001737473,0.006053133,0.000504428,0.002129806,0.011153458,0.003250757,0,0,0.003306804,0.01563726,0.002746329,0.001120951,0.00022419,0.002017711,0.002073759,0,0.010256698,0.003587042,0.001064903,0.002297949,0.001849568,0.000784665,0,0.00067257,0.000616523,0.002410044,0.007510369,0.002746329,0.006389418,0.003811232,0.000728618,0,0,0.000280238,0.001793521,0.000168143,0.00044838,0,5.60E-05,0.000112095,0.000112095,0.005156373,0.000112095,0.001513283,0.00089676,0,0,0.000112095,0,0.000728618,0.000112095,5.60E-05,0.0090797,0,5.60E-05,0,0.00022419,0,0.000112095,0,0,5.60E-05,0,0.001120951,0.000280238,0.000112095,0,0,0,0,0,0,0,0,0,myc2,not_rescued
SC.myc2.R.4.2,0.019773252,0.025092687,0.016979206,0.065767557,0.311966042,0.03745097,0.012519478,0.025146419,0.014561281,0.089946806,0.011874698,0.098919994,0.015206061,0.002525388,0.007200043,0.003062705,0,0.00612541,0.002310462,0.005534361,0.003116437,0.002202998,0.001020902,0.046531621,0.015259793,0.03229273,0.003814948,0.00128956,5.37E-05,0.00677019,0.001988072,0.004620923,5.37E-05,0.00290151,0.011014991,0.002310462,0,0,0.003277632,0.015420988,0.002471657,0.000429853,5.37E-05,0.001558218,0.002364193,0,0.010423943,0.003976143,0.001128365,0.00257912,0.001880608,0.00128956,0,0.001182097,0.000376122,0.002471657,0.0064478,0.002417925,0.005319435,0.003385095,0.00032239,0,0,0.000161195,0.002095535,0.000214927,0.00064478,0,0,0.000268658,0.000161195,0.006501531,0.000268658,0.001235828,0.001074633,0,0,5.37E-05,5.37E-05,0.000591048,5.37E-05,0.000268658,0.008973188,0.000107463,0,0,0.000107463,0,0,0,0,5.37E-05,5.37E-05,0.000805975,5.37E-05,0,0,0.000214927,0,0,0,0,0,0,0,myc2,not_rescued
SC.myc2.R.5.3,0.011155734,0.013386881,0.005354752,0.012940651,0.309683177,0.013386881,0.004462294,0.017402945,0.008478358,0.114234717,0.011155734,0.089245872,0.026773762,0.014725569,0.029451138,0.005354752,0,0.005800982,0.003569835,0.002677376,0.004462294,0.005354752,0.000892459,0.018295404,0.008032129,0.058902276,0.003569835,0.011601963,0,0.009817046,0.001338688,0.002677376,0.002231147,0.010263275,0.036144578,0.001784917,0,0,0.002677376,0.023203927,0.001784917,0.000892459,0.000892459,0,0.004908523,0,0.004016064,0.003123606,0.001338688,0.002231147,0.002231147,0.000892459,0,0.004462294,0,0,0.020526551,0.002677376,0.001338688,0.008032129,0,0,0,0.000446229,0.004016064,0.000892459,0.001338688,0,0,0.000892459,0.000892459,0.011601963,0.001338688,0.003569835,0,0,0,0,0,0.004016064,0.000446229,0.000446229,0.00669344,0,0,0,0.001784917,0,0,0,0,0,0,0.000446229,0.000892459,0.000446229,0,0,0,0,0,0,0,0,0,myc2,not_rescued
SC.myc2.R.5.1,0.01627907,0.022674419,0.00872093,0.018023256,0.272093023,0.004651163,0.006395349,0.019186047,0.00872093,0.128488372,0.012790698,0.083139535,0.029069767,0.011627907,0.035465116,0.004069767,0,0.008139535,0.008139535,0.001162791,0.002906977,0.001162791,0.001744186,0.022093023,0.00755814,0.062209302,0.002906977,0.009883721,0,0.011627907,0.002325581,0.001744186,0.003488372,0.006976744,0.041860465,0.000581395,0,0,0.001744186,0.027906977,0.000581395,0,0,0,0.004651163,0,0.003488372,0.003488372,0.001744186,0.001744186,0.001162791,0.002325581,0,0.005232558,0.000581395,0.002325581,0.018604651,0.002906977,0.001744186,0.009302326,0,0,0,0.001162791,0.004069767,0,0.001162791,0,0.000581395,0,0.000581395,0.00755814,0.001162791,0.001162791,0,0,0,0,0,0.001744186,0,0.001162791,0.00872093,0.000581395,0,0,0,0,0,0.000581395,0,0,0,0.001162791,0,0,0,0.001162791,0,0,0,0,0,0,0,myc2,not_rescued
SC.myc2.R.5.2,0.013180516,0.017765043,0.006303725,0.017765043,0.302005731,0.006876791,0.004584527,0.015472779,0.011461318,0.125501433,0.012034384,0.087106017,0.020630372,0.014899713,0.034383954,0.00286533,0,0.007449857,0.008022923,0.003438395,0.006303725,0.001719198,0.002292264,0.023495702,0.004011461,0.055014327,0.005157593,0.008022923,0,0.008595989,0.000573066,0.00286533,0.002292264,0.006876791,0.036103152,0.001719198,0,0.000573066,0.002292264,0.019484241,0.00286533,0.000573066,0.000573066,0,0.004011461,0,0.004011461,0.007449857,0.002292264,0.004584527,0.001719198,0.001146132,0,0.005157593,0.000573066,0.001146132,0.016618911,0.003438395,0.004011461,0.005157593,0,0,0,0,0.004584527,0,0.000573066,0,0,0.000573066,0,0.013753582,0.000573066,0.001146132,0.000573066,0.000573066,0,0,0,0.001146132,0.001146132,0.000573066,0.006876791,0,0,0,0,0,0,0.001146132,0,0,0,0.001146132,0.000573066,0.000573066,0,0,0,0,0,0,0,0,0,myc2,not_rescued
SC.myc2.R.7.3,0.003846154,0.022115385,0.005769231,0.017307692,0.539423077,0.046153846,0.008653846,0.0125,0.010576923,0.105769231,0.005769231,0.050961538,0.041346154,0.001923077,0.000961538,0.002884615,0,0.002884615,0.000961538,0.002884615,0.001923077,0,0,0.026923077,0.018269231,0.001923077,0.000961538,0.001923077,0,0.001923077,0.001923077,0.010576923,0,0.003846154,0.002884615,0.005769231,0,0,0.000961538,0.000961538,0.000961538,0.000961538,0,0.000961538,0,0,0,0,0,0,0.002884615,0,0,0.001923077,0,0,0.005769231,0.000961538,0.001923077,0.001923077,0,0,0.000961538,0,0,0,0,0,0,0,0,0.002884615,0,0,0.001923077,0,0,0,0,0,0,0,0,0.001923077,0,0,0,0,0,0,0,0,0,0,0,0,0,0,0,0,0,0.002884615,0,0.004807692,0.002884615,myc2,not_rescued
SC.myc2.R.7.2,0.007228916,0.054216867,0.012048193,0.006024096,0.514457831,0.03373494,0.009638554,0.014457831,0.006024096,0.108433735,0.008433735,0.057831325,0.027710843,0.002409639,0,0.002409639,0,0.002409639,0.002409639,0.002409639,0.002409639,0.003614458,0,0.010843373,0.014457831,0.004819277,0.001204819,0.002409639,0,0.002409639,0,0.008433735,0,0.001204819,0.006024096,0.001204819,0,0,0.007228916,0.007228916,0.002409639,0.002409639,0,0,0.002409639,0,0,0.002409639,0.001204819,0,0.003614458,0,0,0.003614458,0,0.003614458,0.003614458,0.001204819,0.002409639,0,0,0,0.001204819,0,0,0,0,0,0,0,0,0.003614458,0.001204819,0,0.001204819,0,0,0,0,0.001204819,0,0,0,0.004819277,0,0,0,0,0,0,0,0,0,0.001204819,0,0,0,0,0,0,0,0.006024096,0,0.002409639,0.002409639,myc2,not_rescued
SC.myc2.R.7.1,0.003436426,0.063573883,0.006872852,0.008591065,0.465635739,0.077319588,0.008591065,0.010309278,0.015463918,0.085910653,0.010309278,0.077319588,0.034364261,0,0.001718213,0.001718213,0,0.003436426,0.005154639,0.003436426,0.003436426,0,0,0.012027491,0.005154639,0.008591065,0.003436426,0.005154639,0,0.003436426,0,0.005154639,0,0.003436426,0.006872852,0.006872852,0,0,0.001718213,0.005154639,0,0.003436426,0,0,0,0,0,0.001718213,0.001718213,0,0.006872852,0,0,0.001718213,0.001718213,0.001718213,0.001718213,0,0,0.001718213,0,0,0,0,0,0,0,0,0,0,0,0.001718213,0,0.001718213,0,0,0,0,0,0,0,0,0.001718213,0,0,0,0,0,0,0,0,0,0,0,0,0,0,0,0,0,0,0.008591065,0,0.003436426,0.006872852,myc2,not_rescued
SC.sav.R.3.3,0.022440781,0.074525558,0.006787644,0.026596482,0.323867572,0.128134091,0.010389251,0.017592464,0.00706469,0.108602299,0.010527774,0.081590248,0.005540934,0.00290899,0.011774484,0.00041557,0,0.011913007,0.00290899,0.001800803,0.003601607,0.003047514,0.000692617,0.020639978,0.009142541,0.022579305,0.004294224,0.00374013,0,0.005679457,0.000138523,0.00207785,0.001939327,0.003878654,0.009004017,0.000277047,0,0.00041557,0.00249342,0.00249342,0.00166228,0.00041557,0.000138523,0.00124671,0.005263887,0,0.003047514,0.002354897,0.000277047,0.000554093,0.001800803,0.000277047,0,0.001523757,0.00083114,0.001108187,0.00207785,0.001939327,0.001939327,0.001800803,0.000138523,0,0.000138523,0.000138523,0.006095027,0.000138523,0,0,0.000138523,0.000554093,0.000138523,0.00249342,0.00124671,0.00207785,0.001108187,0,0,0.000138523,0.000138523,0.00083114,0.000138523,0,0.00290899,0.000277047,0,0,0,0.00041557,0,0,0.000138523,0.000138523,0.000138523,0.00041557,0,0,0,0.000138523,0,0,0,0,0,0,0,sav,not_rescued
SC.sav.R.3.1,0.01905606,0.066253047,0.007090627,0.029692001,0.4059384,0.054509196,0.009306448,0.020163971,0.007976955,0.113450033,0.008198538,0.069576778,0.007755373,0.001551075,0.008863284,0.00110791,0,0.009084866,0.002437403,0.003988478,0.005761135,0.002437403,0.001329493,0.022379792,0.00842012,0.017504986,0.002215821,0.001772657,0,0.003323731,0.000664746,0.003766896,0.001994239,0.003102149,0.008198538,0.00110791,0,0.000221582,0.004653224,0.015953911,0.003102149,0.00110791,0.000443164,0.001772657,0.005539552,0,0.003766896,0.002437403,0.000664746,0.001551075,0.001994239,0.000664746,0,0.000664746,0,0.00110791,0.001994239,0.001551075,0.003988478,0.001551075,0,0,0,0,0.001994239,0,0.000886328,0,0,0,0.000443164,0.002437403,0,0.000664746,0.000443164,0,0,0.000221582,0,0.000221582,0.000221582,0,0.007090627,0,0,0,0.000221582,0,0,0,0.000221582,0,0,0.000221582,0,0,0,0,0,0,0,0,0,0,0,sav,not_rescued
SC.sav.R.3.2,0.04124182,0.015370568,0.009739766,0.036676305,0.422462335,0.020392634,0.010348501,0.015370568,0.006239537,0.171206818,0.009587582,0.069091462,0.005022067,0.002434941,0.008674479,0.000304368,0,0.02221884,0.003195861,0.002434941,0.004565515,0.002891493,0.001521838,0.029675848,0.00715264,0.01308781,0.001826206,0.001065287,0,0.004565515,0,0.00197839,0.006239537,0.002587125,0.005326434,0.000304368,0,0.000456552,0.002434941,0.001369655,0.002587125,0.001217471,0.000304368,0.001826206,0.006239537,0,0.002434941,0.004108964,0.000304368,0.000913103,0.001521838,0.000456552,0,0.000456552,0.000456552,0.001369655,0.002282758,0.000760919,0.002282758,0.000913103,0.000152184,0,0,0,0.001521838,0,0,0,0,0.000304368,0,0.000913103,0.000152184,0.000456552,0.001521838,0,0,0.000152184,0,0.001065287,0.000152184,0,0.003804596,0,0,0.000304368,0,0,0,0,0,0,0,0,0,0,0,0,0,0,0,0,0,0,0,sav,not_rescued
SC.sav.R.5.1,0.005726557,0.017179671,0.005726557,0.01861131,0.440944882,0.022906228,0.010021475,0.01861131,0.005726557,0.094488189,0.009305655,0.071581961,0.010737294,0.002863278,0.009305655,0.002147459,0,0.007158196,0.002147459,0.004294918,0.004294918,0.005010737,0.001431639,0.016463851,0.003579098,0.051539012,0.00071582,0.007874016,0,0.004294918,0.001431639,0,0,0.004294918,0.030780243,0,0,0,0.005726557,0.022906228,0.005726557,0.00071582,0,0.001431639,0.005010737,0,0.005010737,0.002863278,0.001431639,0.00071582,0.00071582,0.002863278,0,0.005726557,0,0.004294918,0.005010737,0.00071582,0.003579098,0.002863278,0,0,0,0.00071582,0.002863278,0.00071582,0.00071582,0,0,0.00071582,0.00071582,0.002147459,0,0.003579098,0.001431639,0,0,0,0,0.001431639,0,0,0.012168933,0,0,0,0.001431639,0,0,0,0,0,0,0.001431639,0.00071582,0,0,0.00071582,0,0,0,0,0,0,0,sav,not_rescued
SC.sav.R.5.2,0.00729927,0.058394161,0.008029197,0.018978102,0.406569343,0.048905109,0.010218978,0.022627737,0.008759124,0.119708029,0.00729927,0.051824818,0.005109489,0.002189781,0.013138686,0.001459854,0,0.00729927,0.003649635,0.002919708,0.002189781,0.002189781,0.000729927,0.035036496,0.003649635,0.045985401,0,0.002919708,0,0.005109489,0.002919708,0.003649635,0,0.006569343,0.006569343,0.000729927,0,0,0.005839416,0.016788321,0.002189781,0,0,0,0.002189781,0,0.004379562,0.002189781,0.001459854,0,0.002189781,0,0,0.002189781,0,0.005839416,0.003649635,0.003649635,0.000729927,0.002189781,0.000729927,0,0,0.000729927,0.001459854,0,0,0,0,0,0,0.005109489,0,0.002189781,0.000729927,0,0,0,0,0,0,0,0.009489051,0,0,0,0.000729927,0,0,0,0,0,0,0,0,0.000729927,0,0,0,0,0,0,0,0,0,sav,not_rescued
SC.sav.R.5.3,0.006756757,0.047297297,0.006274131,0.024131274,0.387548263,0.039092664,0.008204633,0.028957529,0.006274131,0.116795367,0.004826255,0.061776062,0.00965251,0.002413127,0.015444015,0.002413127,0,0.006274131,0.003378378,0.004826255,0.003861004,0.001447876,0.001447876,0.034749035,0.003861004,0.042953668,0.000965251,0.004343629,0,0.00530888,0.001447876,0.002413127,0,0.003861004,0.012065637,0.000965251,0,0,0.004826255,0.018822394,0.004343629,0.000965251,0.000482625,0.003378378,0.002413127,0,0.001930502,0.001930502,0.001447876,0.000482625,0.002413127,0,0,0.003378378,0,0.003378378,0.006756757,0.001930502,0.003861004,0.002895753,0.001447876,0,0.000482625,0.000482625,0.001930502,0,0,0,0.000482625,0,0,0.002413127,0.000482625,0.002895753,0.001930502,0,0,0,0,0,0.000482625,0,0.013996139,0,0,0,0.001930502,0,0,0,0,0,0,0.002895753,0,0.000482625,0,0,0,0,0,0,0,0,0,sav,not_rescued
SC.sav.R.6.3,0.002702703,0.019369369,0.012012012,0.012462462,0.551501502,0.024624625,0.009309309,0.02012012,0.004204204,0.116516517,0.008708709,0.048348348,0.020870871,0.001951952,0.003303303,0.000750751,0,0.000900901,0.003303303,0.002852853,0.005855856,0.003153153,0.000600601,0.03048048,0.012912913,0.009009009,0.000900901,0.002402402,0,0.003453453,0.00045045,0.004354354,0.00015015,0.00045045,0.003303303,0.000900901,0,0,0.004054054,0.005705706,0.001201201,0.000750751,0,0.001201201,0.000600601,0.00015015,0.001201201,0.003303303,0.000900901,0.000900901,0.000900901,0.000750751,0,0.003603604,0.00015015,0.001501502,0.001051051,0.001351351,0.001051051,0.001201201,0.00015015,0,0.00015015,0,0.00045045,0,0.0003003,0,0,0.00015015,0.00015015,0.002252252,0,0.001651652,0.001201201,0,0,0,0,0.000600601,0.00015015,0,0.005705706,0.00045045,0,0,0,0,0,0,0,0,0,0.00045045,0,0,0,0,0,0,0,0.008108108,0,0.003603604,0.000750751,sav,not_rescued
SC.sav.R.6.1,0.005622657,0.022282382,0.013536027,0.016347355,0.49396085,0.025718451,0.011765931,0.017596835,0.004581424,0.109850062,0.009371095,0.063411079,0.022282382,0.002082466,0.003540192,0.00062474,0,0.001874219,0.003331945,0.002707205,0.005830904,0.002707205,0.001249479,0.026759683,0.011245314,0.020199917,0.00062474,0.002290712,0,0.003436068,0.001249479,0.005206164,0.00093711,0.000728863,0.007184506,0.001145356,0,0,0.004269055,0.012494794,0.002915452,0.000416493,0.000520616,0.001145356,0.001770096,0.00031237,0.002498959,0.004060808,0.00093711,0.001353603,0.001665973,0.001249479,0,0.003331945,0.000208247,0.001145356,0.003331945,0.001561849,0.001561849,0.001978342,0,0,0.000104123,0.000208247,0.000520616,0.00031237,0.000104123,0,0,0,0,0.003227822,0.00031237,0.001770096,0.002707205,0,0,0,0,0.000832986,0,0.000104123,0.008017493,0.000728863,0,0,0.000416493,0,0,0,0,0,0,0.000520616,0,0,0,0,0,0,0,0.006559767,0,0.003123698,0.000416493,sav,not_rescued
SC.sav.R.6.2,0.002705714,0.023078147,0.015915964,0.014961006,0.520133694,0.028012096,0.011459494,0.020690753,0.007639663,0.120324686,0.007639663,0.051726882,0.021486551,0.001750756,0.003024033,0.000477479,0,0.002705714,0.001909916,0.003501512,0.004774789,0.002705714,0,0.029444533,0.015279325,0.012414452,0.001114117,0.001432437,0,0.003660672,0.000477479,0.004933949,0.000318319,0.000318319,0.003978991,0.000636639,0,0.00015916,0.003183193,0.007957982,0.002546554,0.000636639,0.00015916,0.001432437,0.001909916,0.00015916,0.002069075,0.002228235,0.00015916,0.000477479,0.002387395,0.000477479,0,0.002228235,0,0.001750756,0.001909916,0.001273277,0.001114117,0.002387395,0.00015916,0,0.000477479,0.000318319,0.000318319,0,0.00015916,0,0,0,0,0.001750756,0,0.001114117,0.001114117,0,0,0,0,0.000318319,0,0,0.005888907,0.00015916,0,0,0.000318319,0,0,0,0,0,0,0.000636639,0,0,0,0,0,0,0,0.006684705,0,0.003183193,0.00015916,sav,not_rescued
SC.sid2.R.1.1,0.037958451,0.040266735,0.009489613,0.124134393,0.220825853,0.053347012,0.03026417,0.036163119,0.013849705,0.069505001,0.029238266,0.073095666,0.060015389,0.009489613,0.002821236,0.000256476,0,0,0.00256476,0.006155424,0.005385996,0.004103616,0.000512952,0.02513465,0.021031034,0.00256476,0.010259041,0.009489613,0,0.003590664,0.006155424,0.009233137,0,0.001025904,0.015388561,0,0.000256476,0,0.002051808,0.00384714,0.004360092,0.002308284,0,0.003334188,0.003334188,0,0.005898948,0.004360092,0.001025904,0.000512952,0.004360092,0.002821236,0,0,0.000512952,0.000512952,0.00512952,0.001538856,0.000769428,0,0,0,0,0,0.001538856,0,0.000512952,0,0,0,0.00128238,0.004103616,0,0.00384714,0.001795332,0.000256476,0,0,0,0.000769428,0.000256476,0,0.004103616,0,0,0.000512952,0,0,0.000256476,0,0,0,0,0.000512952,0,0,0,0,0,0,0,0,0,0,0,sid2,rescued
SC.sid2.R.1.3,0.02915589,0.046085116,0.010580767,0.103456384,0.251351987,0.051728192,0.01645897,0.038325888,0.014107689,0.097343052,0.019280508,0.075241006,0.067716906,0.006818716,0.002821538,0.000705384,0.000235128,0.000470256,0.001410769,0.002821538,0.005172819,0.005172819,0.000235128,0.030331531,0.013637432,0.008229485,0.007994357,0.007053844,0,0.003291794,0.003526922,0.003056666,0.001175641,0.001645897,0.009640254,0.001175641,0.000235128,0,0.005172819,0.001645897,0.003526922,0.001881025,0,0.000470256,0.008229485,0,0.00258641,0.004937691,0,0.000940513,0.002351281,0.002116153,0,0,0.000705384,0.001175641,0.001881025,0.007053844,0.001645897,0.000705384,0,0,0,0,0.003056666,0,0.000705384,0,0,0,0.000705384,0.003056666,0,0.001175641,0.002351281,0,0,0,0,0.000235128,0,0.000705384,0.003056666,0,0,0.000235128,0,0,0,0,0,0,0,0,0,0,0,0,0,0,0,0,0,0,0,sid2,rescued
SC.sid2.R.1.2,0.030403371,0.038832029,0.010836845,0.106562312,0.367248645,0.052679109,0.015051174,0.028898254,0.018061409,0.092414208,0.017760385,0.048765804,0.051776039,0.003010235,0,0.001806141,0,0.000602047,0.000602047,0.001806141,0.004515352,0.003612282,0.000301023,0.026490066,0.016857315,0.000301023,0.003010235,0.002408188,0,0.003311258,0.001505117,0.004214329,0.000301023,0.001204094,0.004214329,0,0,0.000301023,0.002107164,0.001204094,0.002408188,0.002107164,0,0,0.001505117,0,0.002107164,0.003311258,0,0.000301023,0.001806141,0.00090307,0,0,0,0.000301023,0.004214329,0.001806141,0.000301023,0.000602047,0.001204094,0,0,0,0.001806141,0,0.000301023,0,0,0.000301023,0.000602047,0.001806141,0,0.000602047,0.00090307,0,0,0,0,0,0,0,0.004214329,0,0,0.003612282,0,0,0,0,0,0,0,0,0,0,0,0,0,0,0,0,0,0,0,sid2,rescued
SC.sid2.R.4.3,0.012387653,0.034032383,0.007775945,0.037634228,0.364358569,0.01763894,0.009358064,0.019086411,0.007237351,0.0904164,0.012757936,0.10115461,0.01747063,0.007170027,0.032955196,0.001582119,3.37E-05,0.011613424,0.003500858,0.00336621,0.003265224,0.002827616,0.001851415,0.020432895,0.00754031,0.044736931,0.002255361,0.001514794,0,0.006463123,0.001582119,0.002928603,0.002692968,0.002154374,0.014003434,0.001716767,0,0.000336621,0.003231562,0.011074831,0.002928603,0.002120712,0.000201973,0,0.003871141,6.73E-05,0.003265224,0.003265224,0.00127916,0.001716767,0.002053388,0.001009863,0,0.002625644,0.000572256,0.002255361,0.016932036,0.003770155,0.004544383,0.004477059,3.37E-05,0,3.37E-05,0.000100986,0.000908877,0,0.000740566,0,3.37E-05,0.000235635,0.000336621,0.004981991,0.000437607,0.001312822,0.000875215,3.37E-05,0,0.000134648,0,0.000875215,0.000269297,6.73E-05,0.007069041,0.00016831,0,0.000100986,0.000269297,6.73E-05,3.37E-05,0,0,0,3.37E-05,0.001178173,0.000269297,3.37E-05,0,0.000269297,0,0,0,0,0,0,0,sid2,rescued
SC.sid2.R.4.1,0.015622675,0.032822497,0.007617914,0.042136587,0.337806874,0.017467639,0.010653177,0.018657938,0.007647671,0.087219164,0.013361107,0.118315727,0.017735456,0.007231067,0.032138075,0.001636661,5.95E-05,0.011545901,0.004255319,0.003898229,0.00354114,0.002440113,0.002202053,0.022556167,0.008778456,0.045112334,0.002142538,0.001934236,0,0.006219313,0.000952239,0.003094778,0.002499628,0.001755691,0.013837227,0.001279571,2.98E-05,0.00023806,0.003035263,0.010653177,0.003154293,0.001696176,0.00035709,0,0.003124535,5.95E-05,0.004314834,0.004166047,0.001130784,0.002350841,0.002112781,0.000743937,0,0.002529386,0.000535635,0.002321083,0.01639637,0.004314834,0.004017259,0.00577295,0.000178545,0,5.95E-05,2.98E-05,0.001755691,5.95E-05,0.001041512,0,0,0.000565392,0.00047612,0.00354114,0.00023806,0.000922482,0.000624907,0,0,5.95E-05,2.98E-05,0.001339086,0.000535635,5.95E-05,0.007022764,0.000178545,0,0.00011903,0.000178545,8.93E-05,5.95E-05,2.98E-05,0,5.95E-05,8.93E-05,0.000952239,0.000208302,2.98E-05,0,0.00023806,0,0,0,0,0,0,0,sid2,rescued
SC.sid2.R.4.2,0.014722421,0.03183042,0.00742937,0.042735917,0.346045053,0.015063218,0.010428382,0.018811982,0.007974645,0.086494223,0.014483863,0.118154245,0.017619194,0.00742937,0.031387384,0.001397267,0,0.011109975,0.004396278,0.003305729,0.003510207,0.003101251,0.001295028,0.021299799,0.008758477,0.044337661,0.002555976,0.001601745,0,0.006645537,0.001124629,0.003476127,0.002487817,0.002044781,0.013427393,0.001192789,6.82E-05,0.000408956,0.003101251,0.009951266,0.00313533,0.002760454,0.000408956,0,0.004089561,0,0.003816924,0.004702996,0.000988311,0.002181099,0.001976621,0.000954231,0,0.002624135,0.000579355,0.001533586,0.017107999,0.004055482,0.004498518,0.00422588,3.41E-05,0,0,0,0.001329107,6.82E-05,0.000783833,3.41E-05,0,0.000681594,0.000443036,0.004123641,0.000170398,0.000886072,0.000613434,0,0,3.41E-05,0,0.001260948,0.000340797,3.41E-05,0.005998023,0.000170398,0,6.82E-05,0.000238558,6.82E-05,3.41E-05,0,0,6.82E-05,0,0.001226868,0.000170398,0.000102239,0,0.000170398,0,0,0,0,0,0,0,sid2,rescued
SC.sid2.R.7.1,0.005582923,0.079146141,0.021018062,0.011494253,0.439408867,0.075533662,0.008866995,0.025615764,0.007881773,0.061740558,0.006239737,0.067980296,0.036781609,0.003940887,0,0.000985222,0,0.001970443,0.003940887,0.002627258,0.005254516,0.004269294,0,0.042036125,0.019376026,0.004269294,0.002627258,0.002627258,0,0.002627258,0.000328407,0.005254516,0.000328407,0.000328407,0.006568144,0.000656814,0,0,0.001313629,0.003284072,0.002627258,0.002298851,0,0.000328407,0.000328407,0.000985222,0,0.004269294,0,0.000656814,0.001313629,0.001642036,0,0.000985222,0.001313629,0,0.001642036,0.000985222,0,0,0,0,0.000328407,0.000656814,0,0.000328407,0.000328407,0,0,0,0,0.005582923,0.000328407,0.000656814,0.000328407,0,0,0.000328407,0,0.000328407,0,0,0.000328407,0,0,0,0,0,0,0,0,0,0,0,0,0.000328407,0,0,0,0,0,0.001642036,0,0.005582923,0.001642036,sid2,rescued
SC.sid2.R.7.2,0.00641994,0.081570997,0.020392749,0.01397281,0.401435045,0.086102719,0.004154079,0.028700906,0.01397281,0.070241692,0.009063444,0.066087613,0.040785498,0.006797583,0.000377644,0.001510574,0,0.000377644,0.002643505,0,0.00755287,0.003021148,0,0.047960725,0.019637462,0.002265861,0.001888218,0.002265861,0,0.004154079,0.001132931,0.006042296,0.001132931,0.000755287,0.003021148,0.002643505,0,0,0.001888218,0.003776435,0.003021148,0.001510574,0,0.000755287,0,0,0.000377644,0.002265861,0,0.000755287,0.001510574,0.000377644,0,0.001510574,0,0,0.002265861,0.000377644,0,0,0,0,0,0.000755287,0,0,0.000377644,0,0,0,0.000377644,0.003776435,0.000377644,0.001510574,0.001510574,0,0,0,0,0,0,0,0,0.000377644,0,0,0,0,0,0,0,0,0,0,0,0,0,0.000755287,0,0,0,0.001888218,0,0.005664653,0.004154079,sid2,rescued
SC.sid2.R.7.3,0.003491078,0.072924748,0.016679597,0.015128006,0.402249806,0.090768037,0.010085337,0.028704422,0.01124903,0.068657874,0.009309542,0.077579519,0.041117145,0.007757952,0,0.000387898,0,0.001163693,0.002715283,0.001163693,0.006206362,0.003878976,0.000387898,0.044608223,0.016291699,0.003878976,0.00155159,0.003103181,0,0.00155159,0,0.008533747,0,0.001163693,0.006982157,0.000387898,0,0.000387898,0.003103181,0.003491078,0.002327386,0.00155159,0,0,0,0,0.000775795,0.002327386,0.000775795,0.000387898,0.00155159,0.001939488,0,0.001939488,0.000387898,0.000387898,0.000775795,0.001163693,0,0.000387898,0,0,0.000387898,0.000775795,0,0.000387898,0,0,0,0,0,0.003103181,0.000775795,0.000775795,0.000775795,0,0,0,0,0,0,0,0,0.000775795,0,0,0,0,0,0,0,0,0,0.000387898,0,0,0,0,0,0,0,0.002715283,0,0.004266874,0.00155159,sid2,rescued
